USE [master]
GO
/****** Object:  Database [OnlineShop]    Script Date: 08/24/17 6:15:28 PM ******/
CREATE DATABASE [OnlineShop]
 CONTAINMENT = NONE
 ON  PRIMARY 
( NAME = N'OnlineShop', FILENAME = N'C:\Program Files\Microsoft SQL Server\MSSQL12.MSSQLSERVER\MSSQL\DATA\OnlineShop.mdf' , SIZE = 3264KB , MAXSIZE = UNLIMITED, FILEGROWTH = 1024KB )
 LOG ON 
( NAME = N'OnlineShop_log', FILENAME = N'C:\Program Files\Microsoft SQL Server\MSSQL12.MSSQLSERVER\MSSQL\DATA\OnlineShop_log.ldf' , SIZE = 832KB , MAXSIZE = 2048GB , FILEGROWTH = 10%)
GO
ALTER DATABASE [OnlineShop] SET COMPATIBILITY_LEVEL = 120
GO
IF (1 = FULLTEXTSERVICEPROPERTY('IsFullTextInstalled'))
begin
EXEC [OnlineShop].[dbo].[sp_fulltext_database] @action = 'enable'
end
GO
ALTER DATABASE [OnlineShop] SET ANSI_NULL_DEFAULT OFF 
GO
ALTER DATABASE [OnlineShop] SET ANSI_NULLS OFF 
GO
ALTER DATABASE [OnlineShop] SET ANSI_PADDING OFF 
GO
ALTER DATABASE [OnlineShop] SET ANSI_WARNINGS OFF 
GO
ALTER DATABASE [OnlineShop] SET ARITHABORT OFF 
GO
ALTER DATABASE [OnlineShop] SET AUTO_CLOSE OFF 
GO
ALTER DATABASE [OnlineShop] SET AUTO_SHRINK OFF 
GO
ALTER DATABASE [OnlineShop] SET AUTO_UPDATE_STATISTICS ON 
GO
ALTER DATABASE [OnlineShop] SET CURSOR_CLOSE_ON_COMMIT OFF 
GO
ALTER DATABASE [OnlineShop] SET CURSOR_DEFAULT  GLOBAL 
GO
ALTER DATABASE [OnlineShop] SET CONCAT_NULL_YIELDS_NULL OFF 
GO
ALTER DATABASE [OnlineShop] SET NUMERIC_ROUNDABORT OFF 
GO
ALTER DATABASE [OnlineShop] SET QUOTED_IDENTIFIER OFF 
GO
ALTER DATABASE [OnlineShop] SET RECURSIVE_TRIGGERS OFF 
GO
ALTER DATABASE [OnlineShop] SET  ENABLE_BROKER 
GO
ALTER DATABASE [OnlineShop] SET AUTO_UPDATE_STATISTICS_ASYNC OFF 
GO
ALTER DATABASE [OnlineShop] SET DATE_CORRELATION_OPTIMIZATION OFF 
GO
ALTER DATABASE [OnlineShop] SET TRUSTWORTHY OFF 
GO
ALTER DATABASE [OnlineShop] SET ALLOW_SNAPSHOT_ISOLATION OFF 
GO
ALTER DATABASE [OnlineShop] SET PARAMETERIZATION SIMPLE 
GO
ALTER DATABASE [OnlineShop] SET READ_COMMITTED_SNAPSHOT ON 
GO
ALTER DATABASE [OnlineShop] SET HONOR_BROKER_PRIORITY OFF 
GO
ALTER DATABASE [OnlineShop] SET RECOVERY FULL 
GO
ALTER DATABASE [OnlineShop] SET  MULTI_USER 
GO
ALTER DATABASE [OnlineShop] SET PAGE_VERIFY CHECKSUM  
GO
ALTER DATABASE [OnlineShop] SET DB_CHAINING OFF 
GO
ALTER DATABASE [OnlineShop] SET FILESTREAM( NON_TRANSACTED_ACCESS = OFF ) 
GO
ALTER DATABASE [OnlineShop] SET TARGET_RECOVERY_TIME = 0 SECONDS 
GO
ALTER DATABASE [OnlineShop] SET DELAYED_DURABILITY = DISABLED 
GO
EXEC sys.sp_db_vardecimal_storage_format N'OnlineShop', N'ON'
GO
USE [OnlineShop]
GO
/****** Object:  Table [dbo].[__MigrationHistory]    Script Date: 08/24/17 6:15:28 PM ******/
SET ANSI_NULLS ON
GO
SET QUOTED_IDENTIFIER ON
GO
SET ANSI_PADDING ON
GO
CREATE TABLE [dbo].[__MigrationHistory](
	[MigrationId] [nvarchar](150) NOT NULL,
	[ContextKey] [nvarchar](300) NOT NULL,
	[Model] [varbinary](max) NOT NULL,
	[ProductVersion] [nvarchar](32) NOT NULL,
 CONSTRAINT [PK_dbo.__MigrationHistory] PRIMARY KEY CLUSTERED 
(
	[MigrationId] ASC,
	[ContextKey] ASC
)WITH (PAD_INDEX = OFF, STATISTICS_NORECOMPUTE = OFF, IGNORE_DUP_KEY = OFF, ALLOW_ROW_LOCKS = ON, ALLOW_PAGE_LOCKS = ON) ON [PRIMARY]
) ON [PRIMARY] TEXTIMAGE_ON [PRIMARY]

GO
SET ANSI_PADDING OFF
GO
/****** Object:  Table [dbo].[AppRoles]    Script Date: 08/24/17 6:15:28 PM ******/
SET ANSI_NULLS ON
GO
SET QUOTED_IDENTIFIER ON
GO
CREATE TABLE [dbo].[AppRoles](
	[Id] [nvarchar](128) NOT NULL,
	[Name] [nvarchar](max) NULL,
	[Description] [nvarchar](max) NULL,
	[Discriminator] [nvarchar](128) NOT NULL,
	[IsDeleted] [bit] NULL,
 CONSTRAINT [PK_dbo.AppRoles] PRIMARY KEY CLUSTERED 
(
	[Id] ASC
)WITH (PAD_INDEX = OFF, STATISTICS_NORECOMPUTE = OFF, IGNORE_DUP_KEY = OFF, ALLOW_ROW_LOCKS = ON, ALLOW_PAGE_LOCKS = ON) ON [PRIMARY]
) ON [PRIMARY] TEXTIMAGE_ON [PRIMARY]

GO
/****** Object:  Table [dbo].[AppUserClaims]    Script Date: 08/24/17 6:15:28 PM ******/
SET ANSI_NULLS ON
GO
SET QUOTED_IDENTIFIER ON
GO
CREATE TABLE [dbo].[AppUserClaims](
	[UserId] [nvarchar](128) NOT NULL,
	[Id] [int] NOT NULL,
	[ClaimType] [nvarchar](max) NULL,
	[ClaimValue] [nvarchar](max) NULL,
	[AppUser_Id] [nvarchar](128) NULL,
 CONSTRAINT [PK_dbo.AppUserClaims] PRIMARY KEY CLUSTERED 
(
	[UserId] ASC
)WITH (PAD_INDEX = OFF, STATISTICS_NORECOMPUTE = OFF, IGNORE_DUP_KEY = OFF, ALLOW_ROW_LOCKS = ON, ALLOW_PAGE_LOCKS = ON) ON [PRIMARY]
) ON [PRIMARY] TEXTIMAGE_ON [PRIMARY]

GO
/****** Object:  Table [dbo].[AppUserLogins]    Script Date: 08/24/17 6:15:28 PM ******/
SET ANSI_NULLS ON
GO
SET QUOTED_IDENTIFIER ON
GO
CREATE TABLE [dbo].[AppUserLogins](
	[UserId] [nvarchar](128) NOT NULL,
	[LoginProvider] [nvarchar](max) NULL,
	[ProviderKey] [nvarchar](max) NULL,
	[AppUser_Id] [nvarchar](128) NULL,
 CONSTRAINT [PK_dbo.AppUserLogins] PRIMARY KEY CLUSTERED 
(
	[UserId] ASC
)WITH (PAD_INDEX = OFF, STATISTICS_NORECOMPUTE = OFF, IGNORE_DUP_KEY = OFF, ALLOW_ROW_LOCKS = ON, ALLOW_PAGE_LOCKS = ON) ON [PRIMARY]
) ON [PRIMARY] TEXTIMAGE_ON [PRIMARY]

GO
/****** Object:  Table [dbo].[AppUserRoles]    Script Date: 08/24/17 6:15:28 PM ******/
SET ANSI_NULLS ON
GO
SET QUOTED_IDENTIFIER ON
GO
CREATE TABLE [dbo].[AppUserRoles](
	[UserId] [nvarchar](128) NOT NULL,
	[RoleId] [nvarchar](128) NOT NULL,
	[AppUser_Id] [nvarchar](128) NULL,
	[IdentityRole_Id] [nvarchar](128) NULL,
 CONSTRAINT [PK_dbo.AppUserRoles] PRIMARY KEY CLUSTERED 
(
	[UserId] ASC,
	[RoleId] ASC
)WITH (PAD_INDEX = OFF, STATISTICS_NORECOMPUTE = OFF, IGNORE_DUP_KEY = OFF, ALLOW_ROW_LOCKS = ON, ALLOW_PAGE_LOCKS = ON) ON [PRIMARY]
) ON [PRIMARY]

GO
/****** Object:  Table [dbo].[AppUsers]    Script Date: 08/24/17 6:15:28 PM ******/
SET ANSI_NULLS ON
GO
SET QUOTED_IDENTIFIER ON
GO
CREATE TABLE [dbo].[AppUsers](
	[Id] [nvarchar](128) NOT NULL,
	[FullName] [nvarchar](256) NULL,
	[Address] [nvarchar](256) NULL,
	[BirthDay] [datetime] NULL,
	[Gender] [nvarchar](max) NULL,
	[CreatedDate] [datetime] NULL,
	[UpdatedDate] [datetime] NULL,
	[Email] [nvarchar](max) NULL,
	[EmailConfirmed] [bit] NOT NULL,
	[PasswordHash] [nvarchar](max) NULL,
	[SecurityStamp] [nvarchar](max) NULL,
	[PhoneNumber] [nvarchar](max) NULL,
	[PhoneNumberConfirmed] [bit] NOT NULL,
	[TwoFactorEnabled] [bit] NOT NULL,
	[LockoutEndDateUtc] [datetime] NULL,
	[LockoutEnabled] [bit] NOT NULL,
	[AccessFailedCount] [int] NOT NULL,
	[UserName] [nvarchar](max) NULL,
	[IsDeleted] [bit] NOT NULL DEFAULT ((0)),
 CONSTRAINT [PK_dbo.AppUsers] PRIMARY KEY CLUSTERED 
(
	[Id] ASC
)WITH (PAD_INDEX = OFF, STATISTICS_NORECOMPUTE = OFF, IGNORE_DUP_KEY = OFF, ALLOW_ROW_LOCKS = ON, ALLOW_PAGE_LOCKS = ON) ON [PRIMARY]
) ON [PRIMARY] TEXTIMAGE_ON [PRIMARY]

GO
/****** Object:  Table [dbo].[Manufactures]    Script Date: 08/24/17 6:15:28 PM ******/
SET ANSI_NULLS ON
GO
SET QUOTED_IDENTIFIER ON
GO
CREATE TABLE [dbo].[Manufactures](
	[ManufactureID] [uniqueidentifier] NOT NULL,
	[ManufactureName] [nvarchar](max) NULL,
	[Logo] [nvarchar](max) NULL,
	[Description] [nvarchar](max) NULL,
	[Url] [nvarchar](max) NULL,
 CONSTRAINT [PK_dbo.Manufactures] PRIMARY KEY CLUSTERED 
(
	[ManufactureID] ASC
)WITH (PAD_INDEX = OFF, STATISTICS_NORECOMPUTE = OFF, IGNORE_DUP_KEY = OFF, ALLOW_ROW_LOCKS = ON, ALLOW_PAGE_LOCKS = ON) ON [PRIMARY]
) ON [PRIMARY] TEXTIMAGE_ON [PRIMARY]

GO
/****** Object:  Table [dbo].[OrderDetails]    Script Date: 08/24/17 6:15:28 PM ******/
SET ANSI_NULLS ON
GO
SET QUOTED_IDENTIFIER ON
GO
CREATE TABLE [dbo].[OrderDetails](
	[OrderDetailID] [uniqueidentifier] NOT NULL,
	[OrderID] [uniqueidentifier] NOT NULL,
	[ProductID] [uniqueidentifier] NOT NULL,
	[SaleNumber] [decimal](18, 2) NOT NULL,
	[SalePrice] [decimal](18, 2) NOT NULL,
	[TotalCost] [decimal](18, 2) NOT NULL,
	[ProductSpec] [nvarchar](500) NULL,
 CONSTRAINT [PK_dbo.OrderDetails] PRIMARY KEY CLUSTERED 
(
	[OrderDetailID] ASC
)WITH (PAD_INDEX = OFF, STATISTICS_NORECOMPUTE = OFF, IGNORE_DUP_KEY = OFF, ALLOW_ROW_LOCKS = ON, ALLOW_PAGE_LOCKS = ON) ON [PRIMARY]
) ON [PRIMARY]

GO
/****** Object:  Table [dbo].[Orders]    Script Date: 08/24/17 6:15:28 PM ******/
SET ANSI_NULLS ON
GO
SET QUOTED_IDENTIFIER ON
GO
CREATE TABLE [dbo].[Orders](
	[ID] [uniqueidentifier] NOT NULL,
	[BillCode] [nvarchar](256) NOT NULL,
	[OrderStatusID] [nvarchar](50) NULL,
	[BillTypeID] [nvarchar](50) NULL,
	[TotalCost] [decimal](18, 2) NOT NULL,
	[Amount] [decimal](18, 2) NOT NULL,
	[Discount] [decimal](18, 2) NOT NULL,
	[CustomerId] [nvarchar](128) NULL,
	[CustomerName] [nvarchar](256) NOT NULL,
	[CustomerAddress] [nvarchar](256) NOT NULL,
	[CustomerEmail] [nvarchar](256) NOT NULL,
	[CustomerMobile] [nvarchar](50) NOT NULL,
	[CreatedBy] [nvarchar](256) NULL,
	[CreatedDate] [datetime] NULL,
	[UpdatedBy] [nvarchar](256) NULL,
	[UpdatedDate] [datetime] NULL,
 CONSTRAINT [PK_dbo.Orders] PRIMARY KEY CLUSTERED 
(
	[ID] ASC
)WITH (PAD_INDEX = OFF, STATISTICS_NORECOMPUTE = OFF, IGNORE_DUP_KEY = OFF, ALLOW_ROW_LOCKS = ON, ALLOW_PAGE_LOCKS = ON) ON [PRIMARY]
) ON [PRIMARY]

GO
/****** Object:  Table [dbo].[OrderStatus]    Script Date: 08/24/17 6:15:28 PM ******/
SET ANSI_NULLS ON
GO
SET QUOTED_IDENTIFIER ON
GO
CREATE TABLE [dbo].[OrderStatus](
	[OrderStatusID] [nvarchar](50) NOT NULL,
	[OrderStatusName] [nvarchar](256) NOT NULL,
	[Description] [nvarchar](500) NULL,
 CONSTRAINT [PK_dbo.OrderStatus] PRIMARY KEY CLUSTERED 
(
	[OrderStatusID] ASC
)WITH (PAD_INDEX = OFF, STATISTICS_NORECOMPUTE = OFF, IGNORE_DUP_KEY = OFF, ALLOW_ROW_LOCKS = ON, ALLOW_PAGE_LOCKS = ON) ON [PRIMARY]
) ON [PRIMARY]

GO
/****** Object:  Table [dbo].[ProductCategories]    Script Date: 08/24/17 6:15:28 PM ******/
SET ANSI_NULLS ON
GO
SET QUOTED_IDENTIFIER ON
GO
CREATE TABLE [dbo].[ProductCategories](
	[ID] [uniqueidentifier] NOT NULL,
	[Name] [nvarchar](256) NOT NULL,
	[Alias] [nvarchar](256) NOT NULL,
	[Description] [nvarchar](500) NULL,
	[CreatedDate] [datetime] NULL,
	[CreatedBy] [nvarchar](256) NULL,
	[UpdatedDate] [datetime] NULL,
	[UpdatedBy] [nvarchar](256) NULL,
	[IsDeleted] [bit] NOT NULL,
	[DisplayOrder] [int] NULL,
	[Status] [bit] NOT NULL DEFAULT ((0)),
 CONSTRAINT [PK_dbo.ProductCategories] PRIMARY KEY CLUSTERED 
(
	[ID] ASC
)WITH (PAD_INDEX = OFF, STATISTICS_NORECOMPUTE = OFF, IGNORE_DUP_KEY = OFF, ALLOW_ROW_LOCKS = ON, ALLOW_PAGE_LOCKS = ON) ON [PRIMARY]
) ON [PRIMARY]

GO
/****** Object:  Table [dbo].[ProductImages]    Script Date: 08/24/17 6:15:28 PM ******/
SET ANSI_NULLS ON
GO
SET QUOTED_IDENTIFIER ON
GO
CREATE TABLE [dbo].[ProductImages](
	[ProductImageID] [uniqueidentifier] NOT NULL,
	[ProductID] [uniqueidentifier] NOT NULL,
	[Path] [nvarchar](250) NULL,
	[Caption] [nvarchar](256) NULL,
	[CreatedDate] [datetime] NOT NULL,
	[UpdatedDate] [datetime] NOT NULL,
 CONSTRAINT [PK_dbo.ProductImages] PRIMARY KEY CLUSTERED 
(
	[ProductImageID] ASC
)WITH (PAD_INDEX = OFF, STATISTICS_NORECOMPUTE = OFF, IGNORE_DUP_KEY = OFF, ALLOW_ROW_LOCKS = ON, ALLOW_PAGE_LOCKS = ON) ON [PRIMARY]
) ON [PRIMARY]

GO
/****** Object:  Table [dbo].[Products]    Script Date: 08/24/17 6:15:28 PM ******/
SET ANSI_NULLS ON
GO
SET QUOTED_IDENTIFIER ON
GO
CREATE TABLE [dbo].[Products](
	[ProductID] [uniqueidentifier] NOT NULL,
	[ProductName] [nvarchar](256) NOT NULL,
	[Alias] [nvarchar](256) NOT NULL,
	[ProductCategoryID] [uniqueidentifier] NOT NULL,
	[ThumbnailImage] [nvarchar](256) NULL,
	[CalculationUnit] [nvarchar](50) NULL,
	[Price] [decimal](18, 2) NOT NULL,
	[OriginalPrice] [decimal](18, 2) NOT NULL,
	[PromotionPrice] [decimal](18, 2) NULL,
	[IncludedVAT] [bit] NOT NULL,
	[Warranty] [int] NULL,
	[Description] [nvarchar](500) NULL,
	[FullDescription] [nvarchar](max) NULL,
	[ViewCount] [int] NULL,
	[Tags] [nvarchar](max) NULL,
	[IsDeleted] [bit] NOT NULL,
	[IsBuy] [bit] NOT NULL,
	[CreatedDate] [datetime] NULL,
	[CreatedBy] [nvarchar](256) NULL,
	[UpdatedDate] [datetime] NULL,
	[UpdatedBy] [nvarchar](256) NULL,
	[ManufactureID] [uniqueidentifier] NOT NULL DEFAULT ('00000000-0000-0000-0000-000000000000'),
	[HotFlag] [bit] NULL,
 CONSTRAINT [PK_dbo.Products] PRIMARY KEY CLUSTERED 
(
	[ProductID] ASC
)WITH (PAD_INDEX = OFF, STATISTICS_NORECOMPUTE = OFF, IGNORE_DUP_KEY = OFF, ALLOW_ROW_LOCKS = ON, ALLOW_PAGE_LOCKS = ON) ON [PRIMARY]
) ON [PRIMARY] TEXTIMAGE_ON [PRIMARY]

GO
/****** Object:  Table [dbo].[ProductTags]    Script Date: 08/24/17 6:15:28 PM ******/
SET ANSI_NULLS ON
GO
SET QUOTED_IDENTIFIER ON
GO
SET ANSI_PADDING ON
GO
CREATE TABLE [dbo].[ProductTags](
	[ProductID] [uniqueidentifier] NOT NULL,
	[TagID] [varchar](50) NOT NULL,
 CONSTRAINT [PK_dbo.ProductTags] PRIMARY KEY CLUSTERED 
(
	[ProductID] ASC,
	[TagID] ASC
)WITH (PAD_INDEX = OFF, STATISTICS_NORECOMPUTE = OFF, IGNORE_DUP_KEY = OFF, ALLOW_ROW_LOCKS = ON, ALLOW_PAGE_LOCKS = ON) ON [PRIMARY]
) ON [PRIMARY]

GO
SET ANSI_PADDING OFF
GO
/****** Object:  Table [dbo].[Tags]    Script Date: 08/24/17 6:15:28 PM ******/
SET ANSI_NULLS ON
GO
SET QUOTED_IDENTIFIER ON
GO
SET ANSI_PADDING ON
GO
CREATE TABLE [dbo].[Tags](
	[ID] [varchar](50) NOT NULL,
	[Name] [nvarchar](50) NOT NULL,
	[Type] [nvarchar](50) NOT NULL,
 CONSTRAINT [PK_dbo.Tags] PRIMARY KEY CLUSTERED 
(
	[ID] ASC
)WITH (PAD_INDEX = OFF, STATISTICS_NORECOMPUTE = OFF, IGNORE_DUP_KEY = OFF, ALLOW_ROW_LOCKS = ON, ALLOW_PAGE_LOCKS = ON) ON [PRIMARY]
) ON [PRIMARY]

GO
SET ANSI_PADDING OFF
GO
INSERT [dbo].[__MigrationHistory] ([MigrationId], [ContextKey], [Model], [ProductVersion]) VALUES (N'201708050644233_InitDB', N'OnlineShop.Data.Migrations.Configuration', 0x1F8B0800000000000400ED3D5D6FDC3892EF07DC7F68F4D3EE21EBB69DCB602EB077E1D8F19C7193D8883DB3FB16C8126D0BA3967A257526C6E17ED93DEC4FDABF7094448A5F458AA428753B390401DC22592C168BC562158BF5CFFFFDC7C95FBEAEB3C517545669919F2E8F0E0E970B94C74592E68FA7CB6DFDF0A71F977FF9F3BFFECBC9FB64FD75F12BADF7BAA9875BE6D5E9F2A9AE376F57AB2A7E42EBA83A58A7715954C5437D1017EB559414ABE3C3C3FF581D1DAD1006B1C4B0168B934FDBBC4ED7A8FD817F9E17798C36F536CA3E1409CA2AF21D97DCB650171FA335AA36518C4E97D77996E6E8F6A9D81C5C4475B45C9C656984D1B845D9C37211E57951473546F2ED2F15BAADCB227FBCDDE00F5176F7BC41B8DE4394558820FF9655B71DC7E171338E156B4841C5DBAA2ED68E008F5E13C2ACE4E65EE45DF684C3A47B8F495C3F37A36EC977BA3CDB6C3E15191EBBDCD7DBF3AC6CEA29C43DE8A6E380B47CB590CA5FF51C8119A7F9F76A71BECDEA6D894E73B4ADCB287BB5B8D9DE6769FC5FE8F9AEF80DE5A7F936CB968B775185BA1E9B693BB84A508B6C8B1E37063C8A9BB2D8A0B27E2663B840555CA69B8E4204425D62665D2E3E445F7F46F963FD74BAC47F2E1797E95794D02F64D67FC953CCDBB8515D6EF1CF154FAF152398918C1459CC5FE5103D3FF4B375566D3EA2BA1FE94107F6B2C4207F2FCADF0E64A8AF16D66DD92C1CDBCEC2EBA3FB87D73FBEF9214A5EFFF0EFE8F51B89E8B89EF0819B874FE881D0A1C1F42A1189A8A9DA0C48AD7AB292FB91679B76A19DE8A3E31FAD26FA23E6BAE83E437DF9CAD82FC577DA7EAD39EEBA4C507981EA28CD3C162FD73AD802F660170E8DAB0B7756909A7723FE699B26CE93DB421A0903FF4CB6713D12CA6D94A18FDBF53D2A29980B14A7EB08CFF24D89FF227B3266B5DB386AA01E7B757153A6319AAC873BCC87D97951D593F540887DBB41B16149BE393C7496F9B8AF8FD197F4B15D48109B54CBC52794B5C5D553BA21DB555BF499E3485CEDB22CD68DD8200D85D2CF7751F9881A0215DA2AB7C5B68C1DD02344D1E3D701FEDCD79310148BFBEE050CA53A7414FE32CC577AED526EF908AB9172E15D9AE115952003B71FBFF9618A8DAFA5F62D9E9A6DC5C6002E369FB5060CB3E961FA9EA6975167EB021F6926037F9156F1A41D9CB7EB3290B665D755F36B7E0EA7BD9F254989AA6A7708BC5FB7EADCAEBAFF50DCA79989FE960BCFB5FB1245354ADE3D0718B9554F78B760BA0FFEFB2E5D0F36FD6593CC8424E9C90A49B3A6D22B2221F415501B80551A2724BB9D6508475A0B44B12B3461486AB822D89C350D9875C5324ACD570D2E6DD178958912C34F71EA5AEFFCD8C7340AAF635F3885C45F1DDACD6E6567EEF239FA5873E1D966D3F1BE8FD5B069B953E5DDC3E8B40B83D325AE1E88C306F4D4606ACF906E5FD64F17D1B3EBD6FB13CA13660E795760811AE5D36FF55E4D316FCF737C1952157DCCDD9A5ECE8BFC212DD72851A6C0D5681355D5EF4599FC67543D4D8EFA2D8AB725165B5854AF3793F776F354E492DD6E8EBE824DCDDDEFC56514D745F93E6F5A8D86F77311FF566CEBF779BB8C7EA963D795D4030882CE591C63097789991925E7FCA1F92AAF5FBB9F8C9B653E209A3DA75AAB8A9E6751BA86D564B2A77EA65598422A96284AA954ECAA1DFF5C3CA6B919255A4545A92BD1A2448A5D516A80983122355484DA022D3E5DA9CFF9A1E1102346AC928A142DD3E2D5571875AAE01D8D2D3384F75FB6605FAA03737FBD92AC4F3F49D64E4BC77D13EF5A6D4FBF46D93674575E5CDECA97F05CDE82FD7F2E0FCDE52D59F1B72F6932877E453AC2D4D815ABB23DC1F9844D9BEEF288CD1F837C782CD411CA43AD6BBAFCD6EC3ABB391D5B337BEF8E76E675D27297ACCEDDFA70E5F43017460894DDF06C7BCF72FE6EC998CF31DF3D16E5F3480ADE3DE1B374DE5C225A478FD39BDBCEA32CDE76A701DCAE1E2FE5866835E54D9FEB32C55B73944DDB0BFEB92EBAF395533703BA731E67DB0425BF9EDD8DB52FFC352ACB28AF9F25657C7F047E634C9EEE9EACDADFAF29FA1D32B40CACC4E8D1244DC2A076555DA00CD5E38D4A57D5BBEDF358202376E2F9FCE6632CE2D3F9CD87EEC1D1ED01B4BE4875E88536C134A4ABA3DCDDD356F4BCC1D7AD033DD6B81CBAC4A796EA30E5AB4038BAEA6E8CD4BE3A1C85F09D5DEBFBAED4B61772C2F9DEE56AB0FD7248CC19659C9F6496EDE483227C8CD4C352D45FE0E1C67B796E056B63647777C2259D4F6D0CF2BA56EFBC216B1814DAB36DF16BD9D08C5B5B05C4ABF96FC0A9FB3F62A9F8AD911D2F8E718AC06CF6CA01E5619A4E079C45213A7595C3C46EE32B89DBE6FB208B1B3CC68859DA7EBC35712C94A8365DF0390E62D83A8F8634C9192E8DBB7A184C0ADF941B54CB1B862D4A28D76D0862A520370EC2074BBF8C40E997720975E65B4E8D070E3E15F0D3FB9954635CAC962A3C0C5471E1E0B3AA2AE2B4C58ABF082E465088A37C9F278BE1708AE7FEC503120EF901B35FBAC10C87B1C0F3BA9499E93AEFCE638BB3B87B53E23CAAE22851A98C47923860D49B8A248C6890B988D7BF29DD61E6466543E326AC2EAFF0D249F35A5D09691EA79B281BA48CD4D2524F6B86DDF721975CA04D739538AF078960D3791F33AE62D077244DC810894E561C9B59731F0907B1986A39506680F7D4393641D5F10F8D5611611F1E1C1C0567211113EB49D485A2F8329348E62068CCC051D23552DDC4EBEE94B259EFA3432C665C0B17E026E096A2915F3DC64EEEAB0EE1285F5E0D3576E9D6AB66ECE4EE5AE8B1773763875094AEC9861AB978BF5633F04E590C3DEEFEAED5108EEA65DCC1D19B24A8F60A2F0796DD039B4A7AEAB0B0915AFA6B5E4E925347DFF128CCB60FB7736FDE2AC5B0D0D13BAF104AEAB90C476CB77CF7569A1AF42894EBE6CA93D0A653FE01839D3087D695A19BDB61BF069B69C5F53ACBC161D827AE6038D1D1618856331C20868861830270976D97BCCA7B32067800746B28B3DF3A00ECA59BE90EC3206705E5F9314C09A0EFC00B61B812989ED138CCCB870DEB58F089E0C20AC87FBCEF8B830B00DC2BBEE3D09E4F044AF360D331E8539E536B935E4333EA5BBAA7D13C6D6566E82F49E019F09F4FE219A6E805893CD1473320A0340E1B8563886FD45900C2BE9E97C091A601CCBE0983D3F4127812F0B7E838C6E47C510D39901167C0486470DD4C6029EAFC3F987E589CE4A8A43B467F3BE0E2BE29435FA18025DC37715D56C4F5258FA9817D8B6ACE7C4122D299DB493B1E85402230F1312F059EB041D980D202B16B4EEDFE300C5A3A008978FA1418BD9963A0BD62331EA234312C3B80A56F1C18C1129BADC5685BE601A03153E00010765F5281D1CB6C3B10E44C9A82F828E6073B98DDD5761DB456B71E00A48160D39417CA062CC89E39006C68DD826B969339D27291DEE2E32AEA5FEC9337062B8F733F0EB6CC951DC6CA512C03EA7197F77571D06E04A172C2480FC803AA1B85E403F5A686E4F594E168E49B3B2DE4D75D5442981C77A0C74172DD71A813716BA080C64DC7C180446E302A5061ABA702E4C203472039F1BCA82039EC3454A04807A302113D7A2200BE3C107FD19BE74502D17327812088061B38DB04F56387FD7920EE8A47CF8B028A034F824276F44052B1537B74E25075440DB9A27C04A0E07C1AA299C748B57E1360DC763E16372F0B37244015329067D03BA2420E482F210A414B29AD85DFD6C6AF8EA153C986E90259F527A748AB181AA9A1D8996D2CCDE3A8C0DB96394810085F4921277BD0880C9315D4DA0E6AA90A5A5B3E27650AE92EB496350CF6387B8B9C3A127AFA186614D806370D6DA0FBB52A6586AC42B676216E0CA08A606BFE19A96ED0CBBEBDB1A72F3B597559E6C8879395261DDDC98768B349F3472E3D1DF9B2B8ED72D39DFFE9D63D6FDBBA83B18A05FACAA6A9BEA7BA2831A748A5B86B8CE9655A567513CF721F35F7B2CF93B5520D326D698EBEB447FE04AC4E1C3D10D3DAF44D25351087A69F532DA2A4ED251ED8BAB1AA366344807E0D375F345902A32C2A812BF4E745B65DE7FA6B29FAD642FC320F462800E161BA26696B5E6D9FC0E312EF0970D206CE3ACD233C5A08D2C94AA28B621A56A8EF323D5755F3F7F5C31FE479E2A9FDC717325B5DE802DFBEFB323B554DC4DC3F5A2A9C2ADAB36665575ACE248F955C625B418869EAEDEFFE53A507A19B2EFAD2224F6EF8D5461394A64F190AFDB637B33560D1B49F30DEC1E13E57C6D63A024B1908793A1B731B0EC204A1B9C1E13C883C248363510F8BCF4AC803E3BFBB41232F79C9C0C8677B585C1A2F1E16F7D999625D524180665DC17E2D9C004BC677B1386C3E120FBA311F4B7DC7C3605F1D97160BB35116983E02C78C1DBD812EE3A7BB99AE8716929D69FE391E10FDE6A0F4F669E6E4ADDF15127F1D9B8765BAA63D0C4D55F3C41277887D3E1408685FE80E97A4EC80A09222779834651B0494963940652F1F0900D96767585DA83B00AD2BB087C73D78242845ECB3332C1537A160BF04BDD6C7E928ED6138B6325FD77A4E89AB64E0D240755DFFBEC7FB1D9E72465B5F207F91052F685B4E739467A9B07818ECABC39E08C9760F99CE7259897B3EFD6A0F8966B7E2E1D06F3B97B6CE12D2749E85B42453FC9E1E1AB0933AEFA0726A2B051857E6708410525C096708A1C4E1B024E6B1120E4C629103967CB62A0149BEC00B9E86A2700D07BD58C94F25A8C74AA93D642053150F1A28F6800DE02C9739C83035999520CDD462B775AA4A5AF6756F763FE0965128635F7705749CB54F03635A73DFB84D964B05246C20ECB3232C92EC470146BEEF252B696F8FF9B15277ED771C2B69604CCB4A52C61D517009454EE63596574732AFB182BD610B76756B0C37E86EA3593081BEE93C5A96980E078237D7096BDFB5DE1D71A8E1AA9B3D836AEEB758F0A7B6E51C1E09D248E54DA1C041A9EA9E441714A9EE93334E7C283F809929D25F0F5B4E5223A8BF5299C3029273D1088B482E74A184E2DD71F6EC48A96544238F50E43443422219697A843207BD8B4F242328607C813D3C964D8607C6BEEE4EE02A6964647B8C275C2E5D0C0F91FBECB052DA3B94C2FA002F661AE693BD782FCC26FBEC02AB4D1223C2693FED6E9B0B69E60F6E28F230F3EF76FBE5AE8607D887FB783AEFFD580F611AF7ACBA05EF62EFDD77D5F25B5B732165E76ED76FBB3B0458B9401481FDA2051BCFA147935758A4ED1286B1A3791A3D417E33E33425BB16A1AADD4E67B2DBED6223C10F01965B77D6F15E709AE6434B8EA65880D61D9CBEC1066A9003719B7341F438D54E9EA63EA1827808DCF9D6B9AF561931AC446477396A7BD009DFD774F62A349132B24205067AAB04B2F2225060F02B9A5CE7CE78691FE5196DD836E2C56EB85F554D3A843E6981DDA8E578226FDEA061E1C3BC416B3ABB090C732086BFEF0F6F8821F5DF2B6F9048B661D620155D230F0C1320BC09B03F7C21BC3330015BE860B8C450EC356B41119E76414AB4760026D3C7847A729A003000BBE9834DBF599E1B20E130E32961B472955E13235FFADF7D182D096115626B5BEA3491B22D552A124E2BC7B476559A24F09D13F97479FB5CD568DDB1F1EDDFB3F32C458D059956F810E5E903AAEA2E99D3F2F8F0E878B968ED4D5D903389D67D2B3FEE6615BE7BF4BA09DF45C97A2537770F026EA054552284230D64D212276E864C54F997A88C9FA252CD453522D11405FA8775F4F58F3C249B746D4092E171F0C420C751C3764E8F064B56BB89D5EA3F6A5558B60CF301ED22302F50740283E5F75619B4F292E3559EA0AFA7CBFF6EDBBE5D5CFDED336BFE6AD1DE327FBB385CFC8F092BABECCAB2F0F5C04C82E18F9E357F6A8325ED58D3181B39CC7652F38E62DB3CFDFB16A52D291ED2E66692237BF421963A78163341608833303605A717263D9451B8F0F19D1D32098AD3759435DB29FEAB4D9CB83CC26CD5E831B8F8D8AB0BE2719FA8072E786EA21E6EF8F85083D46A53DB875B80F3A7361EBDC858D4A6814C6DDE569FD5CBA2893CA4A800412B43DF0CCC203C647AF9CEC81BAE80A7E76B1A2D3A117816443A51077C64A90747B0E621777C313C35F03250C25427824FC26D26824E2357AD978B1D74E66BB7C7DB334374E398A8A5ACCE36A0389F7B581C81CCD37638BA6D49602E527B9D50170E6AA913EAE5FF38CE51824A03F3BDE1CC3A91FE000670BE2883018BFE0CBB503C24A79D16404343C709081A1ADA41B96FAEE5EE5A580501C5452878ECD4AC7940C50DDCE3BC6C48723C29387976270D218A34006A520C690088420C6958784148A8068BFAC302A243C7AD03392AD41F35200CB40396E6EEC05800A8F3847AD93C818B0E638C9E3BB36432903E54E7422F03AC233EF63200B83DB0A67AB116704FE245B29614861942D0F26198DF1987C0B196F68C014757DA3187B371C85A64B318CD7D3DB0ECA77E6ACD363760B23E2BAED15EF21C661A0B0F819F017B125E21A11C81A1DEA8C194E3BD250CDA28AF891C8F19D8DA24876506352A4FEB8A910237A773C708919CEEDD58796EF9E04E7F3D9D8575828AE2C82B0F63A5B112D319402FE0A23ABD87DC85740640860B4CF29F4312D1E90F20E0A63799953BA4B5278C95DB759B8623235F84DFF405EDCC2F4337FC8E964910A1E7BAD694E8B9915A31581B8C540CA23FCF76C3860CA1C3C3E578DC36B4B4768F994FCF891C272F039D8107A5A6074CC81E3711E96FB4A18A6E8B090E4CB45F27B47DD8C3E65E2CBF2E46D2285DDD77A96878F39BEE96819D71C86E9372605E3583FC50BE6239159C90CC9D7C1133B81F290126D779B7912DCEE2EE8AFE7954C5919A14A00D9230F64E13A3CB38D0EFC65CF2181C5E75A86C18B8B99295577519A56AC0293E8FE671BA893261DC522D4B71DA0CAA8727975CA04DE327CE6B608836DD69D38D9CAC7AD01281870820849158730E789F449A3A9A6A599E3AFA5D9CBAC383832365F69C59312403685F6477BC24E3CE1161FA9C8123A42069DDE4D15B2DFCF4F5DF9CD8407546F23081D249D843FF40BBCDB51C277EB0790057EDD41CE739236340EFB64ECE189D2B51C718A4F45B620CDD73B67BCC18401EB8C9F9A2CB94A7618BAEF05BE20A4D72BC3D660A8DB797CD665F819F45F6D189331C782C101F18DE1C76F15E3B31840BEF99BB9C4DC1042EC04E2119E6D528679401F62AA429C3D72C132E3900A8F140BF31C81E037EFA94B2594EA9F4AA0180C944AC64F49AE8586A9C1401EF5368BA026E00EC92B7EEA2473857BCDF1C4ECB458D511740A2FD3C252FB94C6C185682DFFE73EC745E2E522DEE6CFEE4890366EC1BE31CDB099C975D346F64CEA7BD74C6BC17207176675D9D5FE6B89A59F744E8B40E9E17C04A823F0C4083147C23CCA4F7FEED2937014F860D594BB49612C84AF2022C30FAC7983473B60B338CC59369C1B9457A208C9E0BE5C7BC1486216FCD01982F17CC1109324FF730D8E932B92F302B740E4D7C3A260F262A6C04F7C4F845DB1BABA2E9915618EE55D813950E8552A82FC1D76AD597AE17037C4BC8D4F906C3A7A5DA5E688581AE7A8B8CD24D5F6298143736208E1E231F903A863EE933BF0E1D134782B16352C7D0317D4376A06366E454FA634550372C5DDA5017BDD2A0F4D097401DF4361B4BF8CC3EA3EB87D530F4C7A5F7B0ECB83D0BE9FA6C0B0DDD41B96A948EE01EB4A0AD608A3A940E7D526C180079E15DEE4E7C43527F4564C155E42586E12209646DED47D77F513639CD11456E49BFCB7AAA3820B7C152E9661CAB36E13B78F941461B16A03EA4F218AAFCA6B93A4E93431FB6C37368F6DF0C83D34A6ECDA3EAE1064D05AD7ED0DA24A321072DEC1A9AD7C2C30D9AE837FA31037ED8E043E61535F881E27003669BA17ECC3A3F1CE868E4D0661F0D03772098B7B0EA80E9A414E4670A30A3D38925AD170818A29DC7C8EC33E286A094190820E94742AECD6044E0DD15FAE16B9D1ABE086B4DCA6AD3F673C8E1B6008D4305ACBFB2ED9DC3134070F6E141B660DD8235998C83CCE73C7A1468B4D4CFABC1B819928905BD594D34347ED8D083FCEAA0876C70062B1CB06F427BE62CBBAFF2A27C5F76B2EACE1EE403FEA9BC1C7FB2FAB4CD9BABECDDAF0B54A58F0C44F3267E8E62C140D5D7B9CA1F0A6A309330A255A49BF41F305B27511D9D9575FA10C5352E6EDEDD4973BCBADBC7569AD79FEE5172955F6FEBCDB6C64346EBFB4CD8011A7B9BA9FF939582F3C9751B635085180246336D6EFF5FE7EFB66996F4785F02B7FF35201A43DE4F087FEFE6B22E9B7DEEB987F4B1C82D0111F2F5F6C73BB4DE641858759DDF465F900F6E98FD7E468F51FC7CD33F96A203323C1122D94F2ED2E8B18CD61581C1DAE39F988793F5D73FFF1F24931337510B0100, N'6.1.3-40302')
INSERT [dbo].[__MigrationHistory] ([MigrationId], [ContextKey], [Model], [ProductVersion]) VALUES (N'201708171202584_addTableManufacture', N'OnlineShop.Data.Migrations.Configuration', 0x1F8B0800000000000400ED3D5D6FDC3892EF07DC7F68F4D3EE22EBB69DCB602EB077E1B4E339E3E2D8883DB3FB16C8926C0BA3967A257526C6E17ED93DEC4FDABF7094448A5F458AA428A99D0982006E912C168BC562B18AC5FAD7FFFDF3E4AF5F37E9E24B5C94499E9D2E8F0E0E978B380BF328C91E4F97BBEAE1CF3F2EFFFA977FFFB793F7D1E6EBE21752EF755D0FB5CCCAD3E553556DDFAE5665F8146F82F2609384455EE60FD541986F564194AF8E0F0FFF737574B48A11882582B5589C7CDA6555B2899B1FE8E73ACFC2785BED82F42A8FE2B4C4DF51C96D0375F131D8C4E53608E3D3E5759626597CFB946F0FCE832A582ECED2244068DCC6E9C3721164595E051542F2EDCF657C5B1579F678BB451F82F4EE791BA37A0F415AC618F9B7B4BAE9380E8FEB71AC6843022ADC9555BEB10478F41A136625367722EFB2231C22DD7B44E2EAB91E7543BED3E5D976FB294FD1D8C5BEDEAED3A2AE2711F7A09D8E03DCF2D542287FD57104629CFADFABC57A9756BB223ECDE25D5504E9ABC5CDEE3E4DC2FF8E9FEFF25FE3EC34DBA5E972F12E28E3B6C77ADA0E2EA3B841B6418F19031AC54D916FE3A27AC663388FCBB048B62D853084AA40CCBA5C5C055F3FC4D963F574BA447F2E1717C9D738225FF0ACFF9C2588B751A3AAD8A19F2B965E2B4A302D1909B288BF8A3E7A5E75B375566E3FC65537D28316EC458140FE9617BF1E88505F2D8CDBD25938369D85D747F70FAF7F7CF34310BDFEE13FE2D76F04A2A37ADC07661E3EC50F980E35A697114F4445D57A4072D59395D88F38DBA40BE5441F1DFF6834D11F11D705F769DC95AFB4FD127CC7EDD798E3AE826CF71084F58C3A2C5EA6B5B705ECC02E0C1A97E7F6AC20346F47FCD32E89AC279781547FF02C46E4FE3EE48FF9E89D8C2717815559A4FEFBF8187C491E1B86167A433FA35D5895CBC5A7386D2A944FC9166F1CB8F033B7422E8A7C53AFE0AE2D5BFCF92E281EE30A0D2057D7B9CD7745E8BA5A314087958A5BCEB94A310A2E2B94693A607562283D2BF3F8CD0F63C8FD46959CBE5B3CE67550C58F79F1EC4FBE0D8474F7B4DBDC6741925E6E82471FD3A1EF6E1DA4E1AE5DE2A85DA5E9EFCDA187EE6E8A24EC06751E87C9264072EDA6407FE1C310DAE36FC3A026D7B135EDAE8BE431C98274DC5ED0CF4DDE0A4DAB6EF4502FB330DD4571F4CBD91D01F92E47C232C8AC11FC5B501441563D13389759F5BAB77FB3CDECCDA10F2EB840E39972F3FC25897F5BE7E8F86B4591BBE0512797FCA076599EC7695CC5D1D049BF2CDFED9E8702591731928711DAFF285FA3BFEF928D69D377CFA38BAC9FB7912B92B8E918482A75294E4DF2A34E115549A74E1195CB52E523FBA10E5552E7335513257CA53A2A1D50AE0829820698B7CB558D352A277D00F832A52A4CD92A3E94554A6A57A5954098537975D15A07AA48BF2B3D75CA7DF9BBF8F785A4FBB63EE84CEE269915DB895A840F917A488ABA0B3CD4782F0FEA606D84EC7C477ADCF9D0D3DC506EF5B3212B1814DAB34DF16BD8508F5B5305C4ABFEAFC1A9FD3F60A9B8AD919917C73045603C16B5531EC6E9B4EE6EE44E8D99EBBA88E2E23CAE8224756032A6F59CCCC6A0E1C27742F30172B681E4C7FC3A10CA6D90C61F779BFBB818CDF2557731AE6DED0EF161BACECB6AB41E30B16FB771E85F9F566E370D9BC0AA5B53F499E1484E69934BA5E32950C5F108ADC6AF050C6DD740B1B4374275066D900D4057E9F572374927B9F02E49D18A8A66383137D4BE4553B32B7D6CF4FDC3AC7B18BFA7F165D4D98635567B077F9E94E1A81DAC9B75E9E91A895957F3D88448EF675154C4E50CD62182C0FB4DA3CECDD5FD557E9FA4D3ABD5D3199D0658C6A6333AD958C6F49A4AA788F8D057406D005669AC906C77963E1C492D10C5B6508721AE618B607D894E83595B2CA2547F55E0D2140D57990831DC14A7B6F5ECC73EAA51381DFBFC2924EEEAD03CBBD578AE04632E3CDB6E5BDE77B90E5DB79C557977B84D3BC74DDAFA7A85270EEBD153BDA93D7DBA7D513D9D07CFB65BEF4F7116517348E782197BAB776A8A787B9AE34B9FAAE8E75E4BD3CB3ACF1E926233FC72CB4D5096BFE545F45F41F9343AEAB771B82B90D842A27AB31DBDB79BA73C13EC7653F4E56D6AEE7ECB2F82B0CA8BF759DD6A30BC0F79F86BBEABDE67CD32FAB90A6D575207C00B3A67618824DC0562E63882AE905982AB97F93817E095AAE83A0D920DAC26E33DF533A9421552BE44524A85625BEDF843FE98647A94481519A5B64489122EB645A906A2C708D790116A0A94F8B4A52EE787D669A4C18856929122654ABCBA0A834E156C0455C30CFE03B31AB0AF5E6864D6FE865BD13EDD2459332D3D7E4D3FBB56D3D32F41BAF3DD95139737F2C53F973760BF73B96F2E6FC88ABE7D49A229F42BDC11A2C65CAC4AF704EB1336693AE7119B3D06B9F098AF2394835A5777F9ADD975E6391DDB5E29C49152AE970A9BE6FB70ADB0C663C88D41D27EF6AB283741A53BA61F7BB163AC833E8E9FC0F5632B27744B60CCBB960D6F686E5B72E5AABB8D7C252FE706FF6F39BC8C771C5E8A2979625B45BD8FC2A770767A3FE36A948BE5528987812A361C7C569679983458F1AB8E8BDBE287F93E8B1606415CCFDD932CDDFABC422C986C11D3214C4E977F9208A887DC5D10A390B9E0321EFAD15264D7EBAC0D5E589C85EDA33AEBA00C83489E4744AB88FF82383C2E6A42D73764B212AD9F24ABE4E5906461B20DD2FE31084DC1B5A47DE4A2C6B2EB4F2C398FB7B58720ABFAA7C90B225D7F0219FBA876B262D8CF882BE540901E06D2448548FC4903D746E424030C013E375E41431855492B1326F1C3A24A6298A020C0989B57D938901E1E008342A4D96FC227AC45281801DACB597B233D01F42D78C10F5702D333188769F9B0661D033EE102803CF21F1B39C4C00500EE15DF31684F2702857930E9188CC89B88C9806B732A86D0DDA1A34C81EFC04FB205EBA210048C4864D1281BB09A3213F09D9A08269D77814273731FBE036830D5E2EDC81EDED3C938F58D4A112AB9A2C8C33E3C3838F2CE423C26C693A8BA7FE8CA4C3C99BDA03101470977075413AFBA484067BDBB126830E34AB8003701AE692DBF3A8C1D5F52E8C351BCB1E06BECC25507C5D8B1C3D2F7D8DBEB107D280A77237C8D9CBF54A118786B5BF43DEECEC1D687A37C03A377F43A09AABCB7C180A5CEBFB1A4A70A0B13A9A5F6ED59494E157D87A330D93EDCCCBD7EABE4630106EFBC5CFC80E3321CB0DDB2DD1B696AD013C7B69B2B4B42934ED9A8B5F9984388B4D54EAB2AECD65125D7437F4936110DFED319453453F482AC22BCE7B0C786A170234A1C833DF6D63612D803F91238523780C9ED74E034BD049E04BC802A8ED1B904657D11D2157B74518D43710485B4F54A22FA217192C505D931BA3B2BE7F77559FC157A021BF58D1DEA2576C88A63AA61DFC615A325E1DBCED419AA1C8F44201E18E31483E0718EC91E509D2F4B06D3AD7B3310D8F5918028495E2E3398EDFB932A688D09B70790028249533E1C5702C1A90126A09440CC9A13230E0C8394F640C25E7E0946A7B3F6B4970C007DFC8CAD041660499482162C3E801B8CB659A200347AAE3363C546BE6B98116FBF3DC0FA4400B8FC19F125A1C53F71CBD4D4BC842BEE3266772ABAA1B04243DAB1CC6E5130B07859262A0AFCD0CDC9023CDAA8A44D8F5F1F1A94DAB32F5389958BFDE4527BE40DE8EF4E2FEEDD4025A5945E656824905F591E432B9FFBE902799247A748B34B68A921F93655B8B3DECD615460FD990C240884C3E8A19728640AF439DE4C5D6F0CFE648BD41041E331130175B8FB2408D963B5F4805C4186CE20676A08EE1F118E4237B0A78518DB281342E7C130F16130A8635545430185BF828101A92BDEA84014153515205F868937C3890A82E742410582B4372A608D464D04C0A961E0D6702201EFC210406044BD0D9C2A90EAB1C38E0D33D7861305244F8600056BC39EA4627B64508943D922DF67937711809C15BE8F66AE23159F6A540C59676736B6341B6E65C6B6E551B524210642A92B692C9EE6364F7924E450D6AF39C156CE716803DDAB9729D3677733B5BC316300459CA9816DA0B82497FC3B735A5776B26A93DFE20F272B4596DC93AB60BB4DB247266B2EFEB2B86D53E6AEFF7C6B9F4E76D3C258851C7D45E35FD753951788538452D435C2F42229CAAA8E63BB0FEA788C75B491AA41C643854580F4C81A06E489237602529B4444CA0178242BAE6C73C66D2FD0C036B5DDBA1E630CE80770F3459DBC384883E2460E9D59E7E96E93A9FD8BEAD65C7C250B862B00E121BA464963C06E02D8997CC01C9CA486B349B2008D168274B212E82219DF25EADB4CCF6559FF7DFDF007719E586AFFF185CC561BB2C4B66FBF4C4E551D31F78F9612A7F266BE49D9959453C9632497E856E0639A3A0F87FB54A941A8A68BBC93C0921B7E734107A5EE538442BEEDCD6C71C6D42113A631171BCC95B6B58AC042A4174BE79E20302398B208930ACDE1B6A9905960ED9749F63F98C9EB5CC61C8717925BAA65AC591853635A37674AC5F1C18021952D55E4649CF22C5135BEFA5E5832037205E6F070D2341612FE648D131BAE0660A68B6653C31E63218B197C59A06299395429512F0B562AB4A16E93CF83A76822278FD0C110F2EEB2B08422AB59E7B2EC0A53CE959943E5B2EC727A115B600E8FA6DA6581D1AFF3095929C72E0B532A3487CBE4D26521329F2D564AE307E2D607E85CD2CC27CDB3C7CD26FD6C03ABC9A0CBC3693E59AC52F6B1106E85B205D6F0DE3D83D0DE59E1C63D3EC26DBF6C81353C1137E6F3BE6DE98C7BDBC3DEDE5D1072DEE3D510943C2A6C52763B93F9D178CCFDDCB7A4FBBEE6F46BCEA7EC9C77FD36BB8387950BDC84305FB460E32974731CBD2C6C97308C99E669F004B9CD8CD594CC2D425B3F2C378BC0D5BE1927B1E7AA8CF964B2B74EED2755DB5A7D12E1123BF227114DCAC85E982034A7B3B51759C0267B6481B1DFEDA001C72CE6B3057BD3EC681C8FD3CFD6146B733502346B0BF66BE1785832AE8B652A1948330AB230E857CBA54503D9A505A68E71D76347623C45FC54B19F6A683ED999A4F5E3B4E78DEDA19966EF137D32B690D880474ED3D50442F643937748BEC41E6297660602DA15DAC3C5995020A8B8C81E26C98407012565F31C457C1F937C1E455C8F49730A7AE5E5594B690FC33195F9AAD6534A5C29B19902AAEDFA773514CCE87E1E7C2D06BA8868C00BCA964A0D60D01D0B9A614CB42A5B1B9420D9EE20D3698A307ECF275FCD2191A4612C1CF26D7669EBCF90C4BC84215E36B0D792809DD47A0715338649C098328B230497398C3B4370251687253E3D187760E28B2CB06493807148B2054EF01414856B58E8C552DA2F4E3D964A6DEE2B4809C0F8CB0B52B1036C0067B1CC4286C939C238692617DBAD5359D2D2AF7BB3FB01E12B43B642392ED77E533480A123FBF07B58C3365926C312B781D0CF96B0700E250918FEBE97ACA40C4B7263A536167B182B29608CCB4A422223E13A175B64655EA3E98A04F31A2DD81BB6A0314143B84115E664C004EAA6D368597C962108DE5427AC7DD77AE77553E2481F0F8ECAF69698B3AB52D1BCCF4141F208415E0A38479109542FD7139BC442BC165F5969EF5DD620FEFADC774E57703A1F43C5B3BB1862DD6BD8E86A5A6B6A755898A8758351D932818C3433020C7EFB8FE9DC1A2FE51B5F8395052D5E349CE3B2AC73FE749979CC462D06CF39F30689E1EEE70D52D35AF5D2CC011FABBE3FBCC1C7BFFF5E7903876DF6B306AE681B66A399002E807F7FF8827B146004B650C1B00918DA6BD682C299CD22F2486D0F4CA60E8076E4340EA007765347567FB33CD743C27EC69362C6C52A9D2686BF74BFBB98711CAFCD059237D4A9C3C21BAA9438765C0CE06EAB2C17E4607EBABC7D2EAB78D3B2F1ED3FD2759AC4B5619154B80AB2E4212EAB3663E1F2F8F0E878B9686EEAB611FD3834FDADF856A451ACFAD1EB3A563D8E362BB1B97DC47B0DA52C23EE8A574FBA487EE22648B7987D098AF02928E4848B03B22912A07FD8045FFFC84232C9490A64FC1D068F8FE81D346CA7ACEAAE13ABD47FE4AAB06CB14D5DEE8D17083A9EC1B27BAB085A7A18F6328BE2AFA7CBFF69DABE5D5CFEFD336DFE6AD178EEDF2E0E17FFABC3CA84BD24E1EB809900C31D3D63FE5427F634624D6DFC603FDB09CD5B8AEDB2E41FBB386948F190D4D65E4BF690E2883D088F369C780FA55A13566C0DC736FBF8908CDF0E7CC134F5C413376C68AF461C35E9B46DC5511B1CE419EA8D1CF2ABA285816491A0F1B2C57D850DC48B8334082731EAD87C3ACC12B10BC1C71AF075E6773BE8F8027A0B338AC36413A4B59E8BFE6AD2762F8F90BCAF0F18A8F8D89A324278F248BDDC08F1CAF6DD18EDB26C0873DBC57D3D1D96C8D2E0E5164692551E05B9C00DD6EC20452E7BD82798D865E721B781CB1E9061C2EFDCE710C72DBB03E0BC18985DD1DF5552EF1196E2815E56F62B7738CFC8301C994BCB4370B4551DE0F85FC323AD83EEE051697841DAC288D2E8FB32F183A383D0B35D6B7266E7619A3A581B8CC7F5A2D39BEBB14375C576082D1E3607F4A6A1F258CE2B7E43E6D3712287C9CB7E5DD68FD47480D95E051C02D398F4CA905CB329D046E0F6CF86D0DCD346D605F20E587918C6A075B74F32808D221EE948C4C4168FD40313A239DEB18E46210F512CEC16E00BD416696CB067DD4E885973B02B73100CB72F1395860D37F66A10199FAF494CF248E069A8F2481DB0F1CB0E1C419BFBF481F041D09E9781140C3D127C1CD4351274121FED573F1AED60E5F1F037DAC1CAF9F067B7254151C8163AA12AE8D8502754CBFF619C23852EEFAB61C278B2C030E117758582C618FB5D280E92D34C0B2001C8C30404094006AD23F3082B2FA0983818879D9A36F7A8B8817B9C93295F8C5A7637C7F3B1CA1E501322953D40E42295FDC2F342423924D91D1610833C6C1D88B1C7EEA801C1C6A04FCB08180D331EEF16454FE8C7906B60B3DDEDA2205DA8CE04F87A58476C84AF07707B70BFCC89B580C89117C95A42B0AF0F41CB06FBFECE38048EE835670CA2BBB83087B571C85864D710F7FBC0B29FFAA9AD4B1108AFB5732AC2C1B4E6FE42D2DEEF45C0BD7041B471BD5AFEB5E7B1A09F75C7B303992D5F33DEB570E231712DFC347F56DF6FA63918D93A189F262124F7FD6A9756C9364D42D43D92CE5284D475D67AF71767611B63B20ECA30905F0A6DA27C5498DC90BC9D0C16DD371E833F4980D1D28B8B9A8B6BCB7956564590C891D237459285C9364881B10B75C155DD9330E664D57520969CC7DBFA7C9F55C258BDF4DA011768DD47132E24CA88A3C8752622024483A03499DDFD27605269D937CA5EDA3B608AC99E90AF6EE43BD673F2D65DF008A7E4759BC371B9A8BEA20220D17C1E93976C26D60F2BC1EFF55B763A2D17C9F787E8FC891307CCD837C639A613382DBB28F25A4CC22A6DAA76751204319539375FF8CB242CC3DEC6927020DF47611AD52BF5DED9469F4142E14DDC07CE011DA2C2D4E13AD2D491EFFCD41D1E1C1C49B367CD8A3E1940F970B5A597D79E23FCF439014708EF1EA9268FB865D9E9EBBE59B1816C4D676102A5A3B087FA1D6B13BFB2153F98BC132A77AA7FBA6542C6809EB71C9D315A5BB88A3170E9B7C418AA573FF79831803CE6A3F3459BE95DC1166DE1B7C4158AE4EE7BCC140A77059DCDAE023B8BF4A3156758F098273ED03CCD6AE37EB162081BDED37739998209DCE01A43324CAB514E2803CC55485D22A4E926BC3DFFBC00EBD77C07D2E9ED5FB627D33D3180352EC317C04A9C87154003177C23CCA4F627EF2937010F27F629984AE512522C5F80D2AA7E924E31677368AE060F477AE716E19944B2958A4F1A4A0C835FDC04305F2EA86B1B649EF679C4D365745F3F44D5BAC89142819F8D95D808EE89F28BB2375A45D123A9D0DF2BE740973AE44AA1BE980AFD7D75A25BEAA72B81FAE8BCB886F0A9C756D50FADA1E90F574ACC07D67847547D36859AEEDA875B7A3A827B50823682C96945126CAE14EA83735018F5A5EA4503DF1032B158C3F049A9B21752A1A7ABEE182375D3956896A59D20C0D651AD24C075347D92E7EE2D3AC6D6376DC7B88EA663F2967A4FC7D43220F5478BA06E682A16C3258AF535D522C5C59A658A736A88DDF1AFF66A2E382D989A7CDFEA7B509CCE0108ECE67D68EEBBB4BD023A35D3B6FB266AC6FCB0CC872CDFC0518FBBE7B60E84BC28E1D941D0B2B989C05E15510F5F79A1C41561A81DB36FB04D9BCF3E87DB00D40E15F0BC8BF71E183C0104271F1EE0870786D8E7AD874C5A0CC6F88B66A8C0364D5B92EF3E074B7643ED5895C987410FB38836BCE1BA90CA61A8622E18799C3AAF296CEC64D0ECBE6906A7DCE915C968FC0D9A6CCCEA412B13DEF91C34A76528B2ACF81B343E11A9C70C38BBBC0F993DDAC1891DFC0D982A4FEA31AB9C1DA03787419B7ED40CDC8260CEC2AA05A692529031DFC38C8E27962053BB6A743A8BBC17F5619A4D07B409ABD5088DEDD8A7CEC41D15E46C76C3870D657D9107DD67E2D41839012103099849449594B6A42B3B59B5C72DFC01FD94D2939CAC3EEDB23AF6A4FD751E97C9230551275EC9E290B3FF75752EB3879CD823058C481521F4E50AB1751454C1595125F5810A15D7A1CC498694C9267EB50EA8BF8FA3CBEC7A576D77151A72BCB94FB903476DCED4F57FB292703EB96E82824A1F4340682675B8CE75F66E97A45187F70510AEA30051DB497F8AD1F7762EABA23E563D77903EE69921204CBECEBC7B176FB62902565E67B7C197D80537C47E1FE2C7207CBEE9E24F5540FA278227FBC979123C16C1A6C430687BF413F170B4F9FA97FF07F94F61193A1D0100, N'6.1.3-40302')
INSERT [dbo].[__MigrationHistory] ([MigrationId], [ContextKey], [Model], [ProductVersion]) VALUES (N'201708171639057_fixDB', N'OnlineShop.Data.Migrations.Configuration', 0x1F8B0800000000000400ED3D5D6FE43872EF01F21F1AFD74779873DB9ECC6233B0EF60B7C71B23E3B131F66EF23690D5B42DAC5AEA93D4B36304F96579C84FCA5F082592123F8A144951EAF6EC6230805B248BC562B158AC62B1FEEF7FFEF7E4EFDFD6E9EC2B2ACA24CF4EE7470787F319CAE27C95644FA7F36DF5F8D71FE77FFFDB3FFFD3C987D5FADBEC1756EF6D5D0FB7CCCAD3F973556DDE2F1665FC8CD65179B04EE2222FF3C7EA20CED78B68952F8E0F0FFF757174B44018C41CC39ACD4E3E6FB32A59A3E607FEB9CCB3186DAA6D945EE72B9496F43B2EB96BA0CE3E456B546EA2189DCE6FB234C9D0DD73BE39B888AA683E3B4B9308A37187D2C7F92CCAB2BC8A2A8CE4FB9F4B74571579F674B7C11FA2F4FE658370BDC7282D1145FE7D57DD761C87C7F538165D43062ADE9655BE760478F49612662137F722EFBC251C26DD074CE2EAA51E7543BED3F9D966F3394FF1D8E5BEDE2FD3A2AEA710F7804CC7016DF9662695BF693902334EFDEFCD6CB94DAB6D814E33B4AD8A287D33BBDD3EA449FCEFE8E53EFF1565A7D9364DE7B3F3A844A4C77ADA0EAE56A841B6418F1B031EC56D916F5051BDD0315C95172845155ACD67A4FD798EDB44985C0B63BB0B54C645B22194A53D570566F2F9EC3AFAF611654FD5F3E91CFF399F5D26DFD08A7DA1DCF27396E035811B55C516897D9D2C3A421BC9CF0689F9B2E89B87EB7696CFCACD2754B5143A20602F0B0CF2B7BCF8F54086FA6666DDB69BBD63DBD97B7BF4F0F8F6C7773F44ABB73FFC0B7AFB4E9A2C5C4FF8C0CDC367F448E950637AB592270CAC5A0F48AD7AB290FB91679B75A19DE8A3E31FAD26FA13E6D6E821456DB999CB18BEE3F66BCD71D751B67D8CE27A463D163DD73AD8C2F760170E8DAB0B7756909A9311FFB44D56CE93CB41AA3F0416236A7F1FF3A77CF44EC6938BC0AA2CD2F07D7C8ABE264F0D434BBDE19FAB6D5C95F3D967943615CAE76443371C5AF84558219745BEAE5770DB962FFE721F154FA8C203C8F575EEF26D11FBAE560AD063A5D296BB5CA514059F15CA351DB03A29949E9579FCEE8731E47EA3824EDF2D1DF332AAD0535EBC84936F0321DD3F6FD70F5994A457EBE829C47498BB5B4669BC254B1CB7AB0CFDBD3B0CD0DD6D91C4EDA02E509CAC232CD76E0BFC173D44E13DFE2E8E6A721D3BD3EEA6489E922C4AC7ED05FF5CE744683A7563867A95C5E9768556BF9CDD2BEAB92382FF11154594552F0CCE5556BDEDEDDF6E337B7718820B2EF178A6DC3C7F49D06FCB1C1F9B9D28721F3D99E45218D4F46732C749BF2ACFB72F43812C0B84E5E10AEF7F1D5FE3BFEF93B56DD3F397D145D6CF9B952F92B4E918486A7529414D0AA34E3155C9A44E3195CB51E563FBA1095556E74BA7262AF82A75743AA05A1152042D3027CB558F352E677D00F872A53A4CF92A2194D58ED4BE4A2B83B04BE5D5476B1DA822FDAEF4D429F7E53FC47F2824836DEB1749B949A3979B62850A27EDE50E8B926DE9DCFD209380DFC6A0D9CDF43BC810A18B85B8BFBCC58DF7D24E00D6C6C8EECEA2403B1F7A981CCAAD61F4010D83422A832D7E0D1B9A716BAA8078D5FF0D3891FF03968ADF1AD9F1E218A6878CC7A26EBACB389DD6DD8DDCA93573353BD905AAA224F56032AEF52E998D43C387EFA4E603E46C03298CF5772094BB28459FB6EB874E4D096E78ABBB18D7B4778FF9305DE665355A0F94D8771B148757E7B5DB4DC326B0EAD6147DE1385250DAD452E5740C54F13CC1EBF12380A1ED1A2856F646A8CEA00D926AE37ED2EBF56E925E72E13C49F18A5AEDE0C0DE509B1C83426CF4FDC3AC7B18BFA7F165D4D99AB79507078F8FB4F1A81D2C9B7519E8168B5D57BB3149B1DECF56AB02953B304E31043EAC1B756E57DD5FE70F493ABD5A3D9DCD6B80616E3A9B978B61CEACA9B48A48087D05D4066095C60949666033E3C86A812892421386B4862B82F51D3E0366A45846A9FEAAC1A5291AAE323162F8294EA4F5CE8F7D9D46E175EC0BA790F8AB43BBD9ADC6F3645873E1D9664378DFE71677DD72A7CABBC765DE5D5CE4AD6F7704E2B01E3D3598DAD3A7DB17D5F345F4E2BAF5FE8432CE6B33DA1592E1CA814FD3601EAE3EDD310C919A5E9679F69814EBE138DF4665F95B5EACFE2D2A9F4747FD0EC5DB02CB312CBBD79BD17BBB7DCE33C99037455FC1A6E6FEB7FC328AABBCF890D5AD06C3FB98C7BFE6DBEA43D6AC929FABD875A1B40082A07316C758E45D6266462BE84A9B23B87A4F1BE742BE56375DA651B286F566BAC97E61553A0D552C51B454A9D8555DFE983F2599192556454589946851A2C5AE28D540CC18D11A2A424D81161F523A4897E7C3A61A8A878FC66AC0BE79A5E158FB1B63D5F5E9272E9A69E9F12606526AEA9E7E89D26DE8AEBCB8BC59C4E1B9BC01FB079787E6F286ACF8DBD7640AF59B7584A9B12B56651E5C1231E27BBBA969BE0FF79B6A3C865C5D62ED77EE13BF8D2AD3F1E038883F6819F5995426B041BBAA9DA673E79897BE1ADE305CFB12CA7597ACC44A4154A9F031EDAF239EFDB5D8B4263E23D53B27ACFDF3D3FB8556EBB8582D557818A8E2C2C1676599C7498395B8EA84F8157198F8EC3CB3086679699FB468D7E73566C16483990E63723AFF8B424033E4F6A64A075908B211A11FCD6576BDC988896B7616934749965119472B751E31AD56E217CCE1A8A8095DBBEAB312AF9F24ABD4E5906471B289D2FE31484DC1B5640CF6AFB16CFB934B2ED0A636556655FF340541A4ED4F22631FD54E161CFB5971A57A23BD87810CD7D315FEEC027846E4240B0C013EB75E414318554B2B1B2609C3A25A62D8A020C1D835AFF217D27B7800BC9DAECC7E738FDB5984829170BD9CB537D21340DF8117C27025303D837198960F6BD6B1E01321122120FFF1210C1C5C00E05EF11D87F67422509A079B8EC1D0A089980CB8BFA36308D3659E8E29E865DC49B660D37568092316E230CA06ACA7CC047CA727824DE76DC4C2AEB98F5E46B2986AF99A560FEF99649CFE6A970C95DD9512611F1E1C1C0567211113EB49D45D84F2652691CC41D09880A3249FA56EE2750ECC6ED6DBBB491633AE850B7013E0AD33F2ABC7D8A973B40F47D9531A6AEC928B553376EAC3093D76E286ED4351F2C9861AB9E8CCD50C9CD816438D9BBB416A1672E275D2C13253B882EA49C0018292EFDE6A8F851EE974158B3C096D3AE5031F76B7BD4AC15AC669D5456E792A5366E8AFE9346BC07FBAE3AC618A5ED17956F4F9F49C3E350E208563A8AFD5F9740BFB8E5E03479A0630B985059CA6D7C09380FF46C73126678EBAD343BB7C8F166170058DA04A107F12A61F1627192AD88ED1DE36B878A8CBD037E81157DC37758596D495268FA9867D872ACE7F46EFC7756E2CED78140289C0387706044F7029F5806ABD102A9876DDDB81A046EB044449F14FD8C1242FA8E9A035C6B71E401A08364DC5882E0584A006D880D202B16BCE8EDF300C56DA0389FA671518ADCEDAD35E39BAF5F1333DDF398065F75A8D60E9D1C98E8B1AD16CE023BA73F600EB5BBDE0CAE5248F8296F8BE2257D3F00CA3BC41D839B2DBA1F0EB5DD96CEC5CD71C2C510CC97BBC38747BB2004F766969D3E34C8506A577A7AA54E2455A3FB9F46E500BFAFBD34B78354A4B29AD2B4FE7F090154E750C44B4F6D30572DF8D4E9146C01BA9A138946C5C4AC3A8C03B91384810088FD14371C82A05FABC1DB6FE0E0E7FB6BB1988607053C8805ADC4312846D8F467A40F6774B0BBC3735249BBB0C47B3ADBBD3420E64510961321BDB188E39D4A99661A080C648CCC180348D6054603A869E0A9001D9C684EC4505C95CACA102433A1815A846A327026049B6B0257B9140B41B4B2028A28104025174759240B523F759927DD6BE603BEE2398EF48E537AA3443365947ADEDA39652DCDA223AAA8220DDB9D6AA09063B9DBDA54E1D093B8FF42B0DB06D6E1CDA40F77855CAF4598B6CED45DC18C0D56D6B161A2829D8A5E2D608D4969D2C48B242FAE164A1C96A78721D6D3649F6C46539A45F667724C5E1F2AF77EEE9FFD604C62216E82B9BACDA9EAABCC09C2295E2AE31A69749515675DCCC4354DFFF5EAED64A35C8E4A5390CB31EF933B13A71EC88CC6AD77FCBD63512F0C3B218AA9652DAF6120F6C5D5B5BEB3122606B849BCFEA6493511A15B7EA55FD659E6ED799DE2B6668DD3D312000E93EDBC3121E1FE1A10905203C3C47ABA431E136F1885C2E48014E52C3592759842907413A59483456CCCFCA4CBA4CF55559FF7DF3F82779CEF999FBF32B9979126EC1B7275F26A7AA8998FB474B8553456BD9A4ECCACA3B296625E3BA6D25C434B5367EFFA9D283D04D170B7BE5C9ADCBDBA98752F7294361DFF666B6049BE4900933585D2DE6CAD85A4760294A85A7734F008B154C55842985F670493A4B1E18F932C9FE0733799D8F52E0F04271CC10C6DA09631A2CD4F64CA9398A5830A4B6A58E9C9C5B9A27AAC15BDD0B4B6540A1C01E1E4D7CC343A29F9C71E2436D00CC4C91387AD8632C64390B230F542EB387AA245BE4C12A852ED46D1E4517299AA82F709B6048B91379585291D3AC0B9912A52917CA1C8E057CA644412FE20BECE175E9127960DDD7DD0959254F220F5329B487CBE543E421729F1D564AE34E11D607E8A331CC67C0631ECD8228C2693E39AC52FEA1036185F205CEF0CE5F4068E74EB8090F2708DB2F5FE00C4FC68DFBBC6F5B3AE7250EB0B7B75764BCF7783D042D8F4A9B94DBCE647F341E733F0F2DE9FE5873E6353789894C483527190BB8127B88CC9FCAC3827DAC0D8C9DCA9566D70A2051808B0EF6C2046C3CC5998146844ADB380C6347F3347882FC66C6694A762DDAC9D37CC22C365FF666127B6EC2D84F267F1FD47D528DADF52724216B97784232E403EB850942F33AF30791057C262F417273DFDDA001C73FEEB3037B77A96F041EEF3E3B538C24E20268460AF66BE1045832BE8B652A19D8A58BE261745F1D9756171CAC2C307DDCB019BB9AC03240FEFB6ED899E56C12B4FAB5EB61BE4BCD24FB8A5C21F1A18882066E0851EC87A6EE9062893BC436870004B42D74874B5FB587A0D22277982CCD11049495EDE68814FAF816F288E47B7CDBA5A0D7DE8D7594F6301C5B99AF6B3DA5C455B2D668A0BAAE7F5F03C60EDDE283AFFE40972D2D7841DB52AB010CBAFBD1A58F91ADDDCE862E48B67BC8F42EFF8BB8E7B3AFF6905846181E0EFBB673691BCCC015D22805ECA3CEFBA79CFB4501C695391C20841C30C209422871382A89895E84E39258E480259FCE4540922FF082A7A1285CC3412B5612B808CAB152EA728B4249E5225EA9508A3D600338CB650E124CCDF622C832B5D861D597903EDD7DDD9BBD0F884D19B211AAF1B2EE5BA2050C13D987DF0E1BB6C572693C84EDA3FBEC088B26EA5080D1EF7BC94ADA98233F562231D2C3584903635C5692B2654897CCF82227E35A97134332AE75057BC316CC4C4A2245023881C8CD206F3790A6799FF197E5BD802CC0704E0D1BA841AEA4358930441DA972D28DDA2C17E295A99D3B9AF7D5BA20C6E088EC2E47A7F61E1ADB9ACEFB601D5624EB346040AB4A20AB7D8F01835F3CE33A77C64BFBB2D160516CC4ABBBC27F55D6392ADA4C1276A39683AFBC798385BFF6F306ABE9BCB119E6400CF3DD1FDE1043877FAFBC41C3FEFA598356740DAD304C8010FBBC3F7C21C4538FC0163A182E41227BCD5A5038AC5D1416AB1D80C9F401B49E9C26000CC06EFAC8DCEF96E77A48D8CF784ACCB15CA5D5C4E897F6771B734CE37D8540E4863A755871439592C61ECB01C0A4CA7CC68E3DA7F3BB97B2426BC2C677FF489769826AB30DAB701D65C9232A2B92616B7E7C78743C9F35B7334944380D6D7E2FBF906715EB7CF4B68E7546ABF5426EEE1E315D4329CB95707DA627BD99387113A407CBBE4645FC1C156A82B001D9BF18D03FADA36F7FE621D9E4D05392A63FD4811E6E30040755009CA448D041A4F34AAEEACB1C5A1D4AAD0ACB27D70CA6C1F889A113182CBF3FCBA0952735AFB215FA763AFFAFA6EDFBD9D57F7EE99ABF99359ED5F7B3C3D97F9BB0B2627959807B6026C1F047CF9A3FF5C9ECAC58D31877D6CF76527342B16D96FC638B9286148F496D8F73640F25FE3480F02061A821A45060A9D684A33AC371CDB83B24CBAD075F704D03F1C42D1F126A10474D0A59577144824A0243BD55434575B4B0902C0A3451B6F8AFB08178099006E12447ABDA4F875DF2612968D500BECE76EC069D5E10263057284ED6515AEBCAF8AF2655EDFC08CBFBFA90828BDD93D94B61AD23F5722BC5B9BA7763B5CBF2A1AFA06A69856C17F44A60245948F554E206677650225E03EC135CCCABF79049C0EB04C703AB39A4F1AEFE008044DFB52BA39292733BE40C3F7F092D778004E2BE3872974A87E0E8AA3AC071A396C7620FDD21A0D2F08AB48511A5D11FCB240C8E41849E18A1EA2DC95970AA2D22AE8B5E4DAB3AECC800D6060337831C2EEC15EAA14A2B1902C1C3C552D034D4DA07440D74C87C7A4EE430C1DDAF548711DF1E30C9ADB12130AD49AF8DDDB49B0263A866FF6C48CD03EDA86DC4E7809547610C5A77FB2403F870D391CE665C10EA483D70B17CE39D2FBB70D5211A8EDB027C856A6B17441A58C994829B3C0CDC0204CBEDCB469FE1E352835A66C6E76B16BC3A12F82EA675A40EF840570F8EE89A8774C688D1B281978112353B127C1AFF33127416481B563F1AED8417F0143ADA09CFFB14EAB6258109DDED75425D74AAA54EA897FFC338478971DD570B89F56481F1A4AFEA3E48178C1A76A178484E3B2D8045AA0E13102C523580A53BBCD80A012A88290ADC9EBC8824C7A6FAE32446A406404D8A470D005188470D0B2F0809D5C0537F5840A4E930C695234CFD5103424A416BAA15B02E9874BC9B183D212843AE92EDEC7E5807D287EA5C18670849CDC5710600B70777D4BC580B88607995AC2585748610B47C48E7EF8C436EB5F19A6E8E1D383AD3DE67C3DA87BD15B617666012286A5488DD5DB751FF7967BCB3B8DDD669A7D53A3852B84009719AF529AFB9A47042F66C824F93A14EF87EBD4DAB64932631EE1E2F3325E4E62623FAF5EC2C26410BCBA88C23F559BF266C4487C92D4B24C861D17E1331F88B02182F3D54D45C5C5B2FB3B22AA2440DBDBD2D922C4E36510A8C5DAA0BAEEA9EAC13278BB603B9E4026DEA33565649630DD26B0B5CA2751F4D84181B2B8EEA4914AE4FE60D4D6A57F69DB297F1429066B227E4AB5BF5C2ED2E794B9B5ADD6F0EC7E5A2262FBA8A44F3794C5E7299D830AC043FAEEDD8E9B45CA4DEE1E8E64F9E3860C6BE33CEB19DC069D945F308FD24ACC2E58D075F2C97732B0BF345BF4CC232FC8D180507F67D14A6D13D291D9C6DCCCFBD6B3C3AFBC039A0534A9A3AF1D6613775ECBB387587070747CAEC39B3624806D0BE32EBE86973E788307D4EC011D2433ABAC963AE317EFADA6F4E6CA09A45799840E928ECA17F74D6C6B7E7C40F36CFFAA99D9ADF02999031A0D7E846670C62D4D431062DFD9E1843F748DF1E3306900C7974BE20E9A2356C410ABF27AED06488DE43A6208A05707B620C8E9856939870EEED550753B68AE9269CE8BDAFC0EAB1BB83C8F4760FD713C99E183E1A57D12B6025C1B306A0410BBE1366D2FB11F7949B8017D8FA140BAD52012914AF4059D1BF6DA599B35D682C162FD005E716E9BD35B695CA6FA3290C439FEE03309FCF3A9726C83CE49DB5D3F9EAA17E8D86B846B14241DF9F54D808EEA9E3176D6F5D154D8FAC427FAF82E354E9502885FAE22AF4F7D58A6EA59FB604EAA3F5DE59C2EF3C75BA7EBA1A86FEB80CCF961D3756715D9F4DA1A13B285DB9D211DC8316B4154C412B52600BA5501F8261DAAA2F5D2F06F8969099A51286CF4AB5BDC0398195AEDA638CD24D5B6258966E82805AC58C9280D631F4C9DECD76E8985A5D8C1DD33A868ED9A3CC76EB872A53BA15448B0D6B88BE9C2F7727BECD69B87532E36A8A7DEB2FA7080A01204D9B576085EFCADE0728BC5CDBF69BACB68AC3B21FB27A2D423FEE9E2B1410F2B2F805B3D4EF9C08BCFF5E3F7CAD97DF1761A81D27D4E524DC4187DB00340E157087CACE680E4F00C1C9870738478121F6B950217B1387B126E1BCCEE220B764DF430E966D55C6B16AD337826E3F196D7837F42195C750E58C0FEA384DAE2CD812C9A1D97E330C4EBB0D6B524E841B34DB35F583D6260D0A39684105D0E4520837687A5CD18F19F040041F327FEE829F6F0FB58A095ABAE50B99A0030C75BCF50A198875A333D99183ECABD34863D092A9DF5F0D16CF90CA84A043ABC99C860F1B4A7AA00EBACF306730CD01AB0F5A7993AC61E5D5FEB6EC6441CE21F403FEA9BCCE7FB2F8BCCDEA9BF2E4D7052A93A70E449D772043B160B56AEB5C658F39B3A24918B12AD245FD6BCCD6ABA88ACE8A2AA94F1AB8B88EA04B32AC65356153751CE7035A5D6537DB6AB3ADF090D1FA211534F1DA0867EAFF64A1E07C72D3843094218680D14CEAE0829BEC7C9BA4AB16EF4B20B84003A2B6EEFD84F077329755519F375E5A489FF2CC1210255F6B94BC47EB4D8A819537D95DF415F9E086D9EF237A8AE297DB36EC4907A47F2244B29F5C24D15311AD4B0AA36B8F7F621E5EADBFFDEDFF014978A8FC29100100, N'6.1.3-40302')
INSERT [dbo].[__MigrationHistory] ([MigrationId], [ContextKey], [Model], [ProductVersion]) VALUES (N'201708241105147_add-HotFlag', N'OnlineShop.Data.Migrations.Configuration', 0x1F8B0800000000000400ED3D5D6FE4B891EF01F21F1AFD940413B7EDC92CF60676024F7BBC316E3C36C6DEBD7B1BC86ADA16562D7524F5EC1887FCB23CE427E52F1C2592123F8A144951EAF6EC6230805B248BC562B158AC62B1FEF3AF7F9FFCEDEB3A9D7D414599E4D9E9FCE8E0703E43599CAF92ECF174BEAD1EFEFCFDFC6F7FFDFDEF4EDEAFD65F673FB17AAFEB7AB865569ECE9FAA6AF376B128E327B48ECA8375121779993F540771BE5E44AB7C717C78F85F8BA3A305C220E618D66C76F2699B55C91A353FF0CF659EC568536DA3F42A5FA1B4A4DF71C96D0375F6315AA37213C5E8747E9DA549866E9FF2CDC1795445F3D9599A44188D5B943ECC675196E555546124DFFE58A2DBAAC8B3C7DB0DFE10A577CF1B84EB3D44698928F26FBBEAB6E3383CAEC7B1E81A3250F1B6ACF2B523C0A3D794300BB9B91779E72DE130E9DE631257CFF5A81BF29DCECF369B4F798AC72EF7F5769916753D85B807643A0E68CB5733A9FC55CB119871EA7FAF66CB6D5A6D0B749AA16D5544E9ABD9CDF63E4DE2FF46CF77F9CF283BCDB6693A9FBD8B4A447AACA7EDE072851A641BF4B831E051DC14F90615D5331DC365798E5254A1D57C46DABFCB719B08936B616C778ECAB8483684B2B4E7AAC04C3E9F5D455F3FA0ECB17A3A9DE33FE7B38BE42B5AB12F945B7ECC12BC2670A3AAD822B1AF9345476823F9D920315F167DF370D5CEF259B9F988AA96420704EC458141FE92173F1FC8505FCDACDB76B3776C3B7BAF8FEE1F5E7FFFE6BB68F5FABBBFA0D76FA4C9C2F5840FDC3C7C420F940E35A6972B79C2C0AAF580D4AA270BB91F79B65917DA893E3AFEDE6AA23F626E8DEE53D4969BB98CE13B6EBFD61C771565DB8728AE67D463D173AD832D7C0F76E1D0B83C776705A93919F10FDB64E53CB91CA4FA436031A2F6F7217FCC47EF643CB908ACCA220DDFC7C7E84BF2D830B4D41BFEB9DAC655399F7D426953A17C4A3674C3A1859F85157251E4EB7A05B76DF9E2CF7751F1882A3C805C5FE736DF16B1EF6AA5003D562A6DB9CB554A51F059A15CD301AB9342E95999C76FBE1B43EE372AE8F4DDD2312FA30A3DE6C57338F93610D2DDD3767D9F45497AB98E1E434C87B9BB6594C65BB2C471BBCAD0DF9BC300DDDD1449DC0EEA1CC5C93AC272EDA6C07FD14314DEE36FE3A826D7B133EDAE8BE431C9A274DC5EF0CF754E84A6533766A897599C6E5768F5D3D99DA29E3B22F83F51514459F5CCE05C66D5EBDEFEED36B3378721B8E0028F67CACDF3A704FDB2CCF1B1D9892277D1A3492E85414D7F26739CF4CBF2DDF6792890BFE7D5451A3D3A9E0F9705C252748577CD6E35E0BFEF9275BFF8214DDF3D8F2EE87EDCAC7C91A44DC74052AB8109CA5518258C295826258C296A8E8A22DB454DA8B23A9F3BE552C157A9A3D31CD58A90FA68813959E47AAC7139EB03C0972BD561CA5709A1E276A4F6557519845DAABC3EBAEE40C5EA57A5DD4EB99BFF26FE4321194C19384FCA4D1A3D5F172B5438E93CB758946C4BE7EE071912FC3606CD6EA6DF418608DDBB5A27F295B7B8F15E5A17C0DA18D9DDD92168E7438FA043B9358C3EA061504865B0C5AF6143336E4D1510AFFABF0127F27FC052F15B233B5E1CC3F490F158D44D7719A7D3BABB913BB566AE66273B475594A41E4CC6B5DE25B37168F8F09DD47C809C6D2085B1190F84721BA5E8E3767DDFA929C1CD757517E31A04EF301FA6CBBCAC46EB8112FB7683E2F0EABC76BB69D80456DD9AA2CF1C470A4A9B5AAA9C8E812A9E27783D7E0430B45D03C5CADE08D519B441526DDC4F7ABDDC4DD24B2EBC4B52BCA2563B38B037D426C7A0101B7DFF30EB1EC6EF697C1975B6E62DECC1C1E3236D3C6A07CB665D06BAFB62D7D56E4C52ACF7B3D5AA40E50E8C530C81F7EB469DDB55F757F97D924EAF564F67F31A60989BCEE6E56298336B2AAD2212425F01B50158A571429219D8CC38B25A208AA4D08421ADE18A607DF3CF8019299651AABF6A70698A86AB4C8C187E8A1369BDF3635FA751781DFBC22924FEEAD06E76ABF13C19D65C78B6D910DEF7B9FB5DB7DCA9F2EE71057817D77FEB3B218138AC474F0DA6F6F4E9F645F5741E3DBB6EBD3FA08CF3DA8C76F164B872E0D3349887AB4F770C43A4A697659E3D24C57A38CE375159FE9217ABBF47E5D3E8A8DFA2785B60398665F77A337A6F374F792619F2A6E82BD8D4DCFD925F44719517EFB3BAD560781FF2F8E77C5BBDCF9A55F26315BB2E9416401074CEE2188BBC0BCCCC68055D84730457EF69E35CE3D7EAA6CB344AD6B0DE4C37D9CFAC4AA7A18A258A962A15BBAACB1FF2C72433A3C4AAA82891122D4AB4D815A51A8819235A4345A829D0E2434A07E9F27CB05543F1F0315C0DD8572F34886B7F23B3BA3EFDC445332D3DDEC4404A4DDDD34F51BA0DDD951797378B383C9737607FE3F2D05CDE90157FFB924CA17EB38E303576C5AACC834BE24C7C6F3735CDF7E17E538DC790AB4BACFDCE7DE23751653A1E1C07F1072DA33E93CA04366857B5D374EE1CF3D257C31B866B5F42B9EE92955829882A153E12FE6544C1BF149BD6C467A47AE784B57F7E7A3FD36A1D17ABA50A0F03555C38F8AC2CF33869B012579D10BF220E139F9D6716C12CCFED4318EDFABCC22C986C30D3614C4EE77F52086886DCDE54E9200B413622F4A3B9CCAED7193171CDCE62F294C9322AE368A5CE23A6D54AFC82391C1535A16B577D56E2F5936495BA1C922C4E3651DA3F06A929B8968C4F04D458B6FDC925E768539B2AB3AA7F9A8220D2F62791B18F6A270B8EFDACB852BD91DEC34086EBE90A7F76013C2372920586009F5BAFA0218CAAA5950D938461512D316C509060EC9A57F90BE93D3C00DE4E5766BFB9C7ED2C42C148B85ECEDA1BE909A0EFC00B61B812989EC1384CCB8735EB58F08910891090FFF810060E2E0070AFF88E437B3A1128CD834DC76068D0444C06DCDFD13184E9324FC714F432EE245BB0E93AB484110B71186503D6536602BED313C1A6F3366261D7DC472F23594CB57C4DAB87F74C324E7FB54B86CAEE4A89B00F0F0E8E82B3908889F524EA2E42F9329348E620684CC05192CF5237F13A076637EBEDDD248B19D7C205B809F0D619F9D563ECD439DA87A3EC290D3576C9C5AA193BF5E1841E3B71C3F6A128F964438D5C74E66A064E6C8BA1C6CDDD20350B39F13AE96099295C41F524E00041C9776FB5C7424F7BBA8A459E84369DF2810FBBDB5EA5602DE3B4EA22B73C952933F497749A35E03FDD71D630452FE83C2BFA7C7A4E9F1A0790C231D4D7EA7CBA857D472F81234D0398DCC2024ED34BE049C07FA3E318933347DDE9A15DBE478B30B882465025883F09D30F8B930C156CC7686F1B9CDFD765E82BF4F42BEE9BBA424BEA4A93C754C3BE4515E73FA3F7E33A3796763C0A8144609C3B038227B8947A40B55E08154CBBEEED4050A37502A2A4F827EC609217D474D01AE35B0F200D049BA6624497024250036C406981D83567C76F18062BED8144FDB30A8C5667ED69AF1CDDFAF8999EEF1CC0B27BAD46B0F4E864C7458D6836F011DD397B80F5AD5E70E5729247414B7C5F91AB69788651DE20EC1CD9ED50F8F5AE6C3676AE6B0E962886E43D5E1CBA3D598027BBB4B4E971A64283D2BB53552AF122AD9F5C7A37A805FDFDE925BC1AA5A594D695A77378C80AA73A06225AFBE902B9EF46A74823E08DD4501C4A362EA56154E09D481C240884C7E8A1386495027DDE0E5B7F07873FDBDD0C4430B82964402DEE2109C2B647233D20FBBBA505DE9B1A92CD5D86A3D9D6DD692107B2A88430998D6D0CC71CEA54CB3050406324E660409A46302A301D434F05C8806C6342F6A282642ED65081211D8C0A54A3D11301B0245BD892BD4820DA8D251014D140028128BA3A49A0DA91FB2CC93E6B5FB01DF711CC77A4F21B559A219BACA3D6F6514B296E6D111D554190EE5C6BD504839DCEDE52A78E849D47FA9506D836370E6DA07BBC2A65FAAC45B6F6226E0CE0EAB6350B0D9414EC52716B046ACB4E1624C521FD70B2D0E4423CB98A369B247BE47223D22FB35B921871F9E75BF7A4816B0263110BF4954D566D4F555E604E914A71D718D38BA428AB3A6EE63EAAEF7F2F576BA51A64F2D21C86598FFC99589D38764466B5EBBF65EB1A09F861B90F554B296D7B8107B6AEADADF51811B035C2CD67758ACA288D8A1BF5AAFE324FB7EB4CEF1533B4EE9E181080749FED61098F8FF0D08402101E9EA355D298709B78442E83A40027A9E1AC932CC29483209D2C241A2BE66765265DA6FAB2ACFFBE7EF8833CE7FCCCFDF185CC3C09B7E0DB932F9353D544CCFDA3A5C2A9A2B56C527665E59D14B39271DDB612629A5A1BBFFF54E941E8A68B85BDF2E4D665FBD443A9FB94A1B06F7B335B824D72C88419ACAE1673656CAD23B014A5C2D3B92780C50AA62AC294427BB82409260F8C7C9964FF8399BCCE62297078A138660863ED84310D166A7BA6D41C452C1852DB52474ECE2DCD13D5E0ADEE85A532A050600F8F26BEE121D14FCE38F1A1360066A6481C3DEC3116B29CBB91072A97D943555234F260954217EA368FA28B144DD417B84D30A48C8B3C2CA9C869D685FC8AD2940B650EC7023EBFA2A017F105F6F0BA248B3CB0EEEBEE84AC925D9187A914DAC3E5B228F210B9CF0E2BA571A708EB03F4D118E633E0318FE64E14E1349FEC61B4A9137928ED4787D5CE3F9820AC74BEC019DEBB6710DA3BA7310A0F3008DB385FE00C4FC68DFBBC6FAA01E76D0EA023B4576DBC75053D042DAF4B9B9DDB0E677FC41E532F082D317F5B73E6353789A94D485927191DB8127B88CC2FCBC3827DB50D8C9DCA9566F70B2051800B13F6C2046C3CC5D98346964AEA000C6347F3347882FC66C6694A762DDAC9137FC22C365FF666127B6ED4D84F267FAFD47D528DADF5272D21FB9778D232E415EB850942F3B21D0491057C4630417273DFDDA001C748EEB3037B772974041EEF3E3B538C24F40268460AF66BE1045832BE8B652A19D8A59DE261745F1D97561764AC2C307DFCB119BB9AC03240FEFB6ED899E57E12B4FAB5AB51A04BF124FB9C5C21F1218D82066E0875EC87A6EE9062893BC436170104B42D74874B5FC787A0D22277982C5D12049495EDE68814FAF816F288E47B7CDBA5A0D7DEB17594F6301C5B99AF6B3DA5C455B2DF68A0BAAE7F5F03C60EDDEB83AF104197362D7841DB52AB010CBA43D2A5A191ADE6CE862E48B67BC8F42E8F8CB8E7B3AFF6905866191E0EFBB673691BCCC015D22805ECA3CEFBA79C434601C695391C20845C32C209422871382A89096384E39258E480259F164640922FF082A7A1285CC3412B5612C108CAB152EA721B434909235ECD508A3D600338CB650E124CCD1A23C832B5D861D597903EDD7DDD9BBD0F887119B211AA71B7EE5BA2050C13D987DF321BB6C572E94084EDA3FBEC088B26FC5080D1EF7BC94ADAD8253F5622B1D6C3584903635C5692B26E4897D5F82227E35A975B4332AE75057BC316CC4C4A224E023881C80D236F3790A6799FF197E5CF802CC0706E0E1BA841AEB6350935441DA972D28DDA6C19E2D5AB9D3B9AF7D5BA20C6F288EC2E47B9F61E1ADB9ACEFB601D9E24EB346060AC4A20AB7D8F01835F4EE33A77C64BFB42D260516CC4AB0B05B82CEB5C176D460ABB51CB415CDEBCC1C268FB7983D574DED80C7320860BEF0F6F8821C8BF56DEA0E183FDAC412BBA866818264088A1DE1FBE10E2B247600B1D0C976093BD662D28ACD62E9A8BD50EC064FA405C4F4E13000660377D84EF37CB733D24EC673C257659AED26A62F44BFBBB8D5DA671C3424073439D3A3CB9A14A496398E5406252653E63C79ED3F9ED7359A13561E3DB7FA4CB3441B5D98655B88AB2E4019515C9D4353F3E3C3A9ECF9ADB9924B29C8648BF955FDAB38A993E7A5DC74CA3D57A2137778FBCAEA194E54AB83ED393264D9CB809D28C655FA2227E8A0A35D1D8802C620CE81FD6D1D73FF2906C72F129C9D7EFEB8011371882832A004E5244E920D2792569F5650EAD0EA55685E5936B26D460FCC4D0090C96DF9F65D0CAD39C97D90A7D3D9DFF5FD3F6EDECF27F3F77CD5FCD1ACFEADBD9E1EC9F26ACAC585E16E01E984930FCD1B3E64F7D523C2BD634C6AFF5B39DD49C506C9B25FFD8A2A421C54352DBE31CD94389630D203C48386B08291458AA3561ADCE705C33F70EC996EBC1175CD3403C71C387961AC451938AD6551C91A092C0506FD490531D2D2C248B024D942DFE2B6C205E02A44138C951AFF6D36197C4580A7E3580AFB326BB41A7178409CC158A937594D6BA32FEAB49793B3FC2F2BE3EA4E0E26367CA48E1B123F57223C5CBBA7763B5CBF221B4A06A69856C173C4B60245948F554E206677650226703EC135CECACF79049E0EC04C703AB39A471B3FE00DA9059EF230A9072BC768654529A700750EF9E434B2E2095B92F8EDCB5D42138BA2A1F70E4A9E5C1DA43FB08A876BC207D634479F6DB3209836310B129C6B87AEF052CBCD51611D745AF26781D76E8006B83A19F418E27F62AF950B5970C81E0E1626B681A6A2D0CA20E3B643E3D277298E0EE57CBC3886F0F98E4DED91098D6A4D7467FDA4D8131D8B37F36A4E68176D4366674C0CAA33006ADBB7D92017CC0EA48A73B2E8C75A41EB868C0F14EA85DC0EB100DC76D01BE40B5B50B430DAC644AE1511E26720182E5F665A3CFF091AD416D3BE3F3350B7F1D097C17153B52077CA8AC074774CD43BA73C478DBC0CB4089BB1D093E8D201A093A0BC50DAB1F8D76C20B780A1DED84E77D0A75DB92C0D4F2F63AA12EBED55227D4CBFF619CA344C9EEAB85C47AB2C088D41775A3A40B670DBB503C24A79D16C0625D87090816EB1AC0561E5E6C850015C414056E4F5E4492A35BFD7112635A03A02645B406802844B486851784846AE8AA3F2C20567518E3CA31AAFEA80141A9A035D50A58178E3ADE5D8E9E20962197D17676C3AC03E943752E103484A4E622410380DB835B6E5EAC05C4C0BC48D692824243085A3E28F457C62137DA884F37C70E1CDF69EFB361EDC3DE2BDB0B33300935352AC4EEAEDBA8FFBC33DE59DC6EEBB4D36A1D1C295CA88538CDFAE4DB5C7A3A218F37C1A7C995277CBFDAA655B2499318778F979912B4739D11FD7A761693B0876554C691FA30601378A2C3E486A534E4B068BF8918FC49018C971E2A6A2EAEAD9759591551A206EFDE144916279B2805C62ED50557754FFE8B9345DB815C728E36F5192BABA4B106E9B5052ED1BA8F2642948E1547F5A42CD7A7158726B52BFB46D9CB78214833D913F2D58D7A657797BCA54DF2EE3787E372D15D77114F4ACD3E2E2FB94C6C1856829FE776EC745A2E52EF7074F3274F1C3063DF18E7D84EE0B4ECA279C67E1256E132D8836F9ECB599E85F9A25F266119FE468C8203FB3E0AD3E81EA50ECE36E607E3351E9D7DE01CD029254D9D78EBB09B3AF65D9CBAC383832365F69C5931240368DFA975F4B4B97344983E27E008E9291EDDE431D7183F7DED37273650CDA23C4CA07414F6D03F5B6BE3DB73E2079B8701D54ECDAF894CC818D07B76A33306316AEA1883967E4B8CA17BE66F8F190348CB3C3A5F90C4D51AB62085DF1257687255EF215310C502B83D3106474CAB494C38F7F6AA8329DFC574134EF4DE1760F5D8DD41647ABB87EB89644F0C1F8DABE805B092E05903D0A005DF0833E9FD887BCA4DC01B6E7D8A8556A980148A17A0ACE85FC7D2CCD92E34168B37EC82738BF4621BDB4AE5D7D51486A18FFF0198CF679D4B13641EF252DBE97C755FBF67435CA358A1A02F582A6C04F7D4F18BB6B7AE8AA64756A1BF57C171AA742894427D7115FAFB6A45B7D24F5B02F5D17AEF2CE1779E3A5D3F5D0D437F5C8E68CB8E1BABB8AECFA6D0D01D94385DE908EE410BDA0AA6A01529B08552A80FC1306DD597AE17037C4BC8CC5209C367A5DA5EE0ACC24A57ED3146E9A62D312C4B374140AD62464940EB18FA642F6F3B744CAD2EC68E691D43C7EC5967BBF5439529DD0AA2C5863544DFDE97BB135FF734DC3A997135C5BEF5975304850090A6CD3BB2C27765EF03145EAE6DFB4D565BC561D90F59BD16A11F77CF150A087959FC8279EE774E04DE7FAF1FBED6CBEF8B30D48E13EA721AEFA0C36D001A870AB843656734872780E0E4C3039CA3C010FB5CA890BD89C35893B25E6771905BB2EF2107CBB62AE358B5092041B79F8C36BC1BFA90CA63A872CE08759C2657166C89E4D06CBF1906A7DD8635492BC20D9AED9AFA416BD30E851CB4A00268B231841B343DAEE8C70C7820820F993F77C10FC0875AC5042DDDF2854CD001863ADE7A850CC4BAD199ECC841F6D569A43168C9D4EFAF068B67486542D0A1D57450C3870DA54D5007DD67983398E680D507ADBC49D6B0F2EE7F5B76B220E710FA01FF54DEF73F597CDA66F54D79F2EB1C95C96307A2CE5C90A158B05AB5752EB3879C59D1248C5815E9A2FE1566EB555445674595D4270D5C5C47D02519D6B29AB0A93A8EF31EAD2EB3EB6DB5D95678C8687D9F0A9A786D8433F57FB250703EB96E4218CA1043C068267570C175F66E9BA4AB16EF0B20B84003A2B6EEFD80F077329755519F379E5B481FF3CC1210255F6B94BC43EB4D8A8195D7D96DF405F9E086D9EF037A8CE2E79B36EC4907A47F2244B29F9C27D16311AD4B0AA36B8F7F621E5EADBFFEF5FF01204E9F13E9100100, N'6.1.3-40302')
INSERT [dbo].[AppRoles] ([Id], [Name], [Description], [Discriminator], [IsDeleted]) VALUES (N'034788ac-0889-41dd-94fe-052b7383629a', N'121212', N'12121212222', N'AppRole', 0)
INSERT [dbo].[AppRoles] ([Id], [Name], [Description], [Discriminator], [IsDeleted]) VALUES (N'041fb649-2483-40fb-ba9a-ed8c9ebdb710', N'Quyền 1', N'khong o', N'AppRole', 0)
INSERT [dbo].[AppRoles] ([Id], [Name], [Description], [Discriminator], [IsDeleted]) VALUES (N'05b51412-8739-4e49-a46c-d4162f109599', N'Tào Lao', N'Tào lao lắm', N'AppRole', NULL)
INSERT [dbo].[AppRoles] ([Id], [Name], [Description], [Discriminator], [IsDeleted]) VALUES (N'1c5bd7f2-03bd-4d93-9d60-5f8c410b5476', N'test 1', N'test1', N'AppRole', 1)
INSERT [dbo].[AppRoles] ([Id], [Name], [Description], [Discriminator], [IsDeleted]) VALUES (N'252cefd6-9147-47ea-b9b9-e26fb02fc4c9', N'Member', N'Người dùng', N'AppRole', NULL)
INSERT [dbo].[AppRoles] ([Id], [Name], [Description], [Discriminator], [IsDeleted]) VALUES (N'52d6a80a-b28a-469b-9042-e0e3c8b37b13', N'Khách Vip', NULL, N'AppRole', NULL)
INSERT [dbo].[AppRoles] ([Id], [Name], [Description], [Discriminator], [IsDeleted]) VALUES (N'90a4e6c0-ff80-4f08-9ae2-b00079147257', N'Khách', NULL, N'AppRole', NULL)
INSERT [dbo].[AppRoles] ([Id], [Name], [Description], [Discriminator], [IsDeleted]) VALUES (N'a132aa70-bdfa-4916-9197-6293bc7b0f6c', N'Admin', N'Quản trị viên', N'AppRole', NULL)
INSERT [dbo].[AppUserRoles] ([UserId], [RoleId], [AppUser_Id], [IdentityRole_Id]) VALUES (N'12319a3d-b37f-41f1-95a3-c0ea8b920996', N'252cefd6-9147-47ea-b9b9-e26fb02fc4c9', NULL, NULL)
INSERT [dbo].[AppUserRoles] ([UserId], [RoleId], [AppUser_Id], [IdentityRole_Id]) VALUES (N'2b9311da-d585-4482-b4bf-2e6ec8017665', N'252cefd6-9147-47ea-b9b9-e26fb02fc4c9', NULL, NULL)
INSERT [dbo].[AppUserRoles] ([UserId], [RoleId], [AppUser_Id], [IdentityRole_Id]) VALUES (N'34912b52-ca82-422c-975c-88ed078ba335', N'252cefd6-9147-47ea-b9b9-e26fb02fc4c9', NULL, NULL)
INSERT [dbo].[AppUserRoles] ([UserId], [RoleId], [AppUser_Id], [IdentityRole_Id]) VALUES (N'3cea3220-e9ec-4fb1-95bf-7bce2136373b', N'252cefd6-9147-47ea-b9b9-e26fb02fc4c9', NULL, NULL)
INSERT [dbo].[AppUserRoles] ([UserId], [RoleId], [AppUser_Id], [IdentityRole_Id]) VALUES (N'486a24a8-9337-42ba-abf8-f207e4943e4f', N'252cefd6-9147-47ea-b9b9-e26fb02fc4c9', NULL, NULL)
INSERT [dbo].[AppUserRoles] ([UserId], [RoleId], [AppUser_Id], [IdentityRole_Id]) VALUES (N'5d1b52f6-6d3d-42f8-abf9-b3dceef38650', N'034788ac-0889-41dd-94fe-052b7383629a', NULL, NULL)
INSERT [dbo].[AppUserRoles] ([UserId], [RoleId], [AppUser_Id], [IdentityRole_Id]) VALUES (N'5d1b52f6-6d3d-42f8-abf9-b3dceef38650', N'52d6a80a-b28a-469b-9042-e0e3c8b37b13', NULL, NULL)
INSERT [dbo].[AppUserRoles] ([UserId], [RoleId], [AppUser_Id], [IdentityRole_Id]) VALUES (N'5d1b52f6-6d3d-42f8-abf9-b3dceef38650', N'a132aa70-bdfa-4916-9197-6293bc7b0f6c', NULL, NULL)
INSERT [dbo].[AppUserRoles] ([UserId], [RoleId], [AppUser_Id], [IdentityRole_Id]) VALUES (N'6face840-68e4-4e06-936d-27250761a386', N'252cefd6-9147-47ea-b9b9-e26fb02fc4c9', NULL, NULL)
INSERT [dbo].[AppUserRoles] ([UserId], [RoleId], [AppUser_Id], [IdentityRole_Id]) VALUES (N'7394e2da-5ceb-4486-b672-5e9832a04158', N'252cefd6-9147-47ea-b9b9-e26fb02fc4c9', NULL, NULL)
INSERT [dbo].[AppUserRoles] ([UserId], [RoleId], [AppUser_Id], [IdentityRole_Id]) VALUES (N'8f497f5e-26fa-4500-87a8-a5ae36eb908a', N'252cefd6-9147-47ea-b9b9-e26fb02fc4c9', NULL, NULL)
INSERT [dbo].[AppUserRoles] ([UserId], [RoleId], [AppUser_Id], [IdentityRole_Id]) VALUES (N'8f497f5e-26fa-4500-87a8-a5ae36eb908a', N'a132aa70-bdfa-4916-9197-6293bc7b0f6c', NULL, NULL)
INSERT [dbo].[AppUserRoles] ([UserId], [RoleId], [AppUser_Id], [IdentityRole_Id]) VALUES (N'9c65e12e-d636-4b66-8c47-5319b565bb6d', N'252cefd6-9147-47ea-b9b9-e26fb02fc4c9', NULL, NULL)
INSERT [dbo].[AppUserRoles] ([UserId], [RoleId], [AppUser_Id], [IdentityRole_Id]) VALUES (N'a3f176a4-62e6-481e-93d5-59817f5c24d7', N'252cefd6-9147-47ea-b9b9-e26fb02fc4c9', NULL, NULL)
INSERT [dbo].[AppUserRoles] ([UserId], [RoleId], [AppUser_Id], [IdentityRole_Id]) VALUES (N'a81a1fe9-c16e-4e1c-90a0-1d124b985d96', N'252cefd6-9147-47ea-b9b9-e26fb02fc4c9', NULL, NULL)
INSERT [dbo].[AppUserRoles] ([UserId], [RoleId], [AppUser_Id], [IdentityRole_Id]) VALUES (N'd8a2c15c-cb62-41da-b6af-7ccc914ca7a7', N'252cefd6-9147-47ea-b9b9-e26fb02fc4c9', NULL, NULL)
INSERT [dbo].[AppUserRoles] ([UserId], [RoleId], [AppUser_Id], [IdentityRole_Id]) VALUES (N'd94a0ee9-f399-4d0b-a686-bf086adb7e4e', N'252cefd6-9147-47ea-b9b9-e26fb02fc4c9', NULL, NULL)
INSERT [dbo].[AppUserRoles] ([UserId], [RoleId], [AppUser_Id], [IdentityRole_Id]) VALUES (N'ebbdaec5-ece2-4a1e-a174-dddd2bd363e0', N'252cefd6-9147-47ea-b9b9-e26fb02fc4c9', NULL, NULL)
INSERT [dbo].[AppUserRoles] ([UserId], [RoleId], [AppUser_Id], [IdentityRole_Id]) VALUES (N'ef180771-1125-4432-9e39-6fad373eb505', N'252cefd6-9147-47ea-b9b9-e26fb02fc4c9', NULL, NULL)
INSERT [dbo].[AppUsers] ([Id], [FullName], [Address], [BirthDay], [Gender], [CreatedDate], [UpdatedDate], [Email], [EmailConfirmed], [PasswordHash], [SecurityStamp], [PhoneNumber], [PhoneNumberConfirmed], [TwoFactorEnabled], [LockoutEndDateUtc], [LockoutEnabled], [AccessFailedCount], [UserName], [IsDeleted]) VALUES (N'34912b52-ca82-422c-975c-88ed078ba335', N'my an', NULL, CAST(N'1992-12-02 00:00:00.000' AS DateTime), N'Nam', CAST(N'2017-08-19 01:33:39.637' AS DateTime), NULL, N'myan@gmail.com', 1, N'AAXi1+5yUe8w9cILOPWlxVlYZyyVMguX74sbikKZNX63s/C+PTeGlBL/D+9RCi7m9A==', N'95297d78-a238-4817-85b3-47a64124a4ea', N'1208543222', 1, 0, NULL, 1, 0, N'myan@gmail.com', 1)
INSERT [dbo].[AppUsers] ([Id], [FullName], [Address], [BirthDay], [Gender], [CreatedDate], [UpdatedDate], [Email], [EmailConfirmed], [PasswordHash], [SecurityStamp], [PhoneNumber], [PhoneNumberConfirmed], [TwoFactorEnabled], [LockoutEndDateUtc], [LockoutEnabled], [AccessFailedCount], [UserName], [IsDeleted]) VALUES (N'5d1b52f6-6d3d-42f8-abf9-b3dceef38650', N'ký anh thư', NULL, CAST(N'1992-02-12 00:00:00.000' AS DateTime), N'Nữ', NULL, NULL, N'hungdng.911@gmail.com', 1, N'AGdHQIFcHz0E2u4pShGTmj4mlpIrArb6SOqQv3nHsbmMolA5haa+Mi+h0AssRWdShg==', N'ace7ea49-e915-4eb0-9726-bc258612d468', N'12345', 1, 0, NULL, 1, 0, N'hungdng.911@gmail.com', 0)
INSERT [dbo].[AppUsers] ([Id], [FullName], [Address], [BirthDay], [Gender], [CreatedDate], [UpdatedDate], [Email], [EmailConfirmed], [PasswordHash], [SecurityStamp], [PhoneNumber], [PhoneNumberConfirmed], [TwoFactorEnabled], [LockoutEndDateUtc], [LockoutEnabled], [AccessFailedCount], [UserName], [IsDeleted]) VALUES (N'8f497f5e-26fa-4500-87a8-a5ae36eb908a', N'Tran Anh Hung', NULL, CAST(N'2017-08-15 17:21:12.200' AS DateTime), N'1', NULL, NULL, N'hungdng.92@gmail.com', 1, N'APBH7kqrvHaGRHhZfkFJ8X2PGFik/jelpTQWz0RWGNo/z7SIE/jyL72MMCdD2EJ4/Q==', N'a548d1db-46bf-4953-acc2-517ff62c3c78', NULL, 0, 0, NULL, 0, 0, N'hungdng.92@gmail.com', 0)
INSERT [dbo].[AppUsers] ([Id], [FullName], [Address], [BirthDay], [Gender], [CreatedDate], [UpdatedDate], [Email], [EmailConfirmed], [PasswordHash], [SecurityStamp], [PhoneNumber], [PhoneNumberConfirmed], [TwoFactorEnabled], [LockoutEndDateUtc], [LockoutEnabled], [AccessFailedCount], [UserName], [IsDeleted]) VALUES (N'a3f176a4-62e6-481e-93d5-59817f5c24d7', N'khoa tran x', NULL, CAST(N'1992-02-12 00:00:00.000' AS DateTime), N'Nam', NULL, NULL, N'hungdng.96@gmail.com', 1, N'AFBHvaQf9nyD4E76XHnsvp3qoFkSaDuCxRtun4VNhFrhb8tDOIDcilnqowpncY74sQ==', N'7bdd831b-97b1-4195-bc8f-0c632bd5190f', N'012244652990', 1, 0, NULL, 1, 0, N'hungdng.96@gmail.com', 0)
INSERT [dbo].[AppUsers] ([Id], [FullName], [Address], [BirthDay], [Gender], [CreatedDate], [UpdatedDate], [Email], [EmailConfirmed], [PasswordHash], [SecurityStamp], [PhoneNumber], [PhoneNumberConfirmed], [TwoFactorEnabled], [LockoutEndDateUtc], [LockoutEnabled], [AccessFailedCount], [UserName], [IsDeleted]) VALUES (N'd94a0ee9-f399-4d0b-a686-bf086adb7e4e', N'Hung Trần', N'da nang', NULL, N'Nam', CAST(N'2017-08-18 10:57:47.917' AS DateTime), NULL, N'hungdng.91@gmail.com', 1, N'AB2lduBzfiG+K3pNrtqvUje1H83KyQNT3vEAq7bqJGGu1ZOx1MDtwNL3Go3CegiFdQ==', N'45f14310-31ab-457f-b185-290e4d2d1b19', N'01224465298', 0, 0, NULL, 1, 0, N'hungdng.91@gmail.com', 0)
INSERT [dbo].[AppUsers] ([Id], [FullName], [Address], [BirthDay], [Gender], [CreatedDate], [UpdatedDate], [Email], [EmailConfirmed], [PasswordHash], [SecurityStamp], [PhoneNumber], [PhoneNumberConfirmed], [TwoFactorEnabled], [LockoutEndDateUtc], [LockoutEnabled], [AccessFailedCount], [UserName], [IsDeleted]) VALUES (N'ef180771-1125-4432-9e39-6fad373eb505', N'my vy', NULL, CAST(N'1992-12-02 00:00:00.000' AS DateTime), N'Nữ', CAST(N'2017-08-19 01:33:08.537' AS DateTime), NULL, N'vy@gmail.com', 1, N'AGbf18o0X0vOSoCSam196n2P0dXQh8/rW6S8uL4TnpS/Rowp172K4+MNE35sPp8U3Q==', N'a8b1e655-acbc-4ed7-875b-68cb37a8c084', N'1234567', 1, 0, NULL, 1, 0, N'vy@gmail.com', 0)
INSERT [dbo].[Manufactures] ([ManufactureID], [ManufactureName], [Logo], [Description], [Url]) VALUES (N'00000000-0000-0000-0000-000000000001', N'Quang Đức', N'/Assets/UploadedFiles/files/logoPNG.png', N'Công Ty TNHH Viễn Thông Quang Đức', N'http://cameraquangduc.com')
INSERT [dbo].[Manufactures] ([ManufactureID], [ManufactureName], [Logo], [Description], [Url]) VALUES (N'00000000-0000-0000-0000-000000000002', N'Appple', NULL, NULL, NULL)
INSERT [dbo].[ProductCategories] ([ID], [Name], [Alias], [Description], [CreatedDate], [CreatedBy], [UpdatedDate], [UpdatedBy], [IsDeleted], [DisplayOrder], [Status]) VALUES (N'5c6f70a8-12ce-4ee4-bc77-d7e45fd8f521', N'điện thoại', N'dien-thoai', N'khong', CAST(N'2017-02-02 00:00:00.000' AS DateTime), N'hungta', CAST(N'2017-02-02 00:00:00.000' AS DateTime), N'hungta', 0, NULL, 0)
INSERT [dbo].[Products] ([ProductID], [ProductName], [Alias], [ProductCategoryID], [ThumbnailImage], [CalculationUnit], [Price], [OriginalPrice], [PromotionPrice], [IncludedVAT], [Warranty], [Description], [FullDescription], [ViewCount], [Tags], [IsDeleted], [IsBuy], [CreatedDate], [CreatedBy], [UpdatedDate], [UpdatedBy], [ManufactureID], [HotFlag]) VALUES (N'a3628d7c-d35e-4b7b-9c73-180ce8d38a56', N'iPhone 7 128GB', N'iPhone-7-128GB', N'5c6f70a8-12ce-4ee4-bc77-d7e45fd8f521', N'data:image/png;base64,iVBORw0KGgoAAAANSUhEUgAAAAEAAAABAQMAAAAl21bKAAAAA1BMVEX6+vqsEtnpAAAACklEQVQI12NgAAAAAgAB4iG8MwAAAABJRU5ErkJggg==', N'Cái', CAST(19990000.00 AS Decimal(18, 2)), CAST(0.00 AS Decimal(18, 2)), CAST(0.00 AS Decimal(18, 2)), 1, 12, N'
                            <span>M&#224;n h&#236;nh: 4.7&quot;, Retina HD</span>
                            <span>HĐH: iOS 10</span>
                            <span>CPU: Apple A10 Fusion 4 nh&#226;n</span>
                            <span>RAM: 2 GB, ROM: 128 GB</span>
                            <span>Camera: 12 MP, Selfie: 7 MP</span>
                            <span>PIN: 1960 mAh, SIM: 1 SIM</span>
                    ', N'
                            <span>M&#224;n h&#236;nh: 4.7&quot;, Retina HD</span>
                            <span>HĐH: iOS 10</span>
                            <span>CPU: Apple A10 Fusion 4 nh&#226;n</span>
                            <span>RAM: 2 GB, ROM: 128 GB</span>
                            <span>Camera: 12 MP, Selfie: 7 MP</span>
                            <span>PIN: 1960 mAh, SIM: 1 SIM</span>
                    ', 0, N'Apple', 0, 0, CAST(N'2017-08-24 16:56:52.013' AS DateTime), N'Tool', CAST(N'2017-08-24 16:56:52.013' AS DateTime), N'Tool', N'00000000-0000-0000-0000-000000000002', 0)
INSERT [dbo].[Products] ([ProductID], [ProductName], [Alias], [ProductCategoryID], [ThumbnailImage], [CalculationUnit], [Price], [OriginalPrice], [PromotionPrice], [IncludedVAT], [Warranty], [Description], [FullDescription], [ViewCount], [Tags], [IsDeleted], [IsBuy], [CreatedDate], [CreatedBy], [UpdatedDate], [UpdatedBy], [ManufactureID], [HotFlag]) VALUES (N'6f86d9e3-7df0-421e-b896-1d022275deea', N'iPhone 7 Plus 256GB', N'iPhone-7-Plus-256GB', N'5c6f70a8-12ce-4ee4-bc77-d7e45fd8f521', N'https://cdn.tgdd.vn/Products/Images/42/87840/iphone-7-plus-256gb-300x300.jpg', N'Cái', CAST(25990000.00 AS Decimal(18, 2)), CAST(0.00 AS Decimal(18, 2)), CAST(0.00 AS Decimal(18, 2)), 1, 12, N'
                            <span>M&#224;n h&#236;nh: 5.5&quot;, Retina HD</span>
                            <span>HĐH: iOS 10</span>
                            <span>CPU: Apple A10 Fusion 4 nh&#226;n</span>
                            <span>RAM: 3 GB, ROM: 256 GB</span>
                            <span>Camera: 2x12 MP, Selfie: 7 MP</span>
                            <span>PIN: 2900 mAh, SIM: 1 SIM</span>
                    ', N'
                            <span>M&#224;n h&#236;nh: 5.5&quot;, Retina HD</span>
                            <span>HĐH: iOS 10</span>
                            <span>CPU: Apple A10 Fusion 4 nh&#226;n</span>
                            <span>RAM: 3 GB, ROM: 256 GB</span>
                            <span>Camera: 2x12 MP, Selfie: 7 MP</span>
                            <span>PIN: 2900 mAh, SIM: 1 SIM</span>
                    ', 0, N'Apple', 0, 0, CAST(N'2017-08-24 16:56:52.010' AS DateTime), N'Tool', CAST(N'2017-08-24 16:56:52.013' AS DateTime), N'Tool', N'00000000-0000-0000-0000-000000000002', 0)
INSERT [dbo].[Products] ([ProductID], [ProductName], [Alias], [ProductCategoryID], [ThumbnailImage], [CalculationUnit], [Price], [OriginalPrice], [PromotionPrice], [IncludedVAT], [Warranty], [Description], [FullDescription], [ViewCount], [Tags], [IsDeleted], [IsBuy], [CreatedDate], [CreatedBy], [UpdatedDate], [UpdatedBy], [ManufactureID], [HotFlag]) VALUES (N'2d82acc8-8dae-4557-b056-222bb2f8c369', N'iPhone 7 32GB', N'iPhone-7-32GB', N'5c6f70a8-12ce-4ee4-bc77-d7e45fd8f521', N'data:image/png;base64,iVBORw0KGgoAAAANSUhEUgAAAAEAAAABAQMAAAAl21bKAAAAA1BMVEX6+vqsEtnpAAAACklEQVQI12NgAAAAAgAB4iG8MwAAAABJRU5ErkJggg==', N'Cái', CAST(17990000.00 AS Decimal(18, 2)), CAST(0.00 AS Decimal(18, 2)), CAST(0.00 AS Decimal(18, 2)), 1, 12, N'
                            <span>M&#224;n h&#236;nh: 4.7&quot;, Retina HD</span>
                            <span>HĐH: iOS 10</span>
                            <span>CPU: Apple A10 Fusion 4 nh&#226;n</span>
                            <span>RAM: 2 GB, ROM: 32 GB</span>
                            <span>Camera: 12 MP, Selfie: 7 MP</span>
                            <span>PIN: 1960 mAh, SIM: 1 SIM</span>
                    ', N'
                            <span>M&#224;n h&#236;nh: 4.7&quot;, Retina HD</span>
                            <span>HĐH: iOS 10</span>
                            <span>CPU: Apple A10 Fusion 4 nh&#226;n</span>
                            <span>RAM: 2 GB, ROM: 32 GB</span>
                            <span>Camera: 12 MP, Selfie: 7 MP</span>
                            <span>PIN: 1960 mAh, SIM: 1 SIM</span>
                    ', 0, N'Apple', 0, 0, CAST(N'2017-08-24 16:56:52.013' AS DateTime), N'Tool', CAST(N'2017-08-24 16:56:52.013' AS DateTime), N'Tool', N'00000000-0000-0000-0000-000000000002', 0)
INSERT [dbo].[Products] ([ProductID], [ProductName], [Alias], [ProductCategoryID], [ThumbnailImage], [CalculationUnit], [Price], [OriginalPrice], [PromotionPrice], [IncludedVAT], [Warranty], [Description], [FullDescription], [ViewCount], [Tags], [IsDeleted], [IsBuy], [CreatedDate], [CreatedBy], [UpdatedDate], [UpdatedBy], [ManufactureID], [HotFlag]) VALUES (N'57a3f65a-f6a6-436f-b0a0-75efc240b823', N'iPhone 6 32GB', N'iPhone-6-32GB', N'5c6f70a8-12ce-4ee4-bc77-d7e45fd8f521', N'data:image/png;base64,iVBORw0KGgoAAAANSUhEUgAAAAEAAAABAQMAAAAl21bKAAAAA1BMVEX6+vqsEtnpAAAACklEQVQI12NgAAAAAgAB4iG8MwAAAABJRU5ErkJggg==', N'Cái', CAST(8990000.00 AS Decimal(18, 2)), CAST(0.00 AS Decimal(18, 2)), CAST(0.00 AS Decimal(18, 2)), 1, 12, N'
                            <span>M&#224;n h&#236;nh: 4.7&quot;, HD</span>
                            <span>HĐH: iOS 10</span>
                            <span>CPU: Apple A8 2 nh&#226;n</span>
                            <span>RAM: 1 GB, ROM: 32 GB</span>
                            <span>Camera: 8 MP, Selfie: 1.2 MP</span>
                            <span>PIN: 1810 mAh</span>
                    ', N'
                            <span>M&#224;n h&#236;nh: 4.7&quot;, HD</span>
                            <span>HĐH: iOS 10</span>
                            <span>CPU: Apple A8 2 nh&#226;n</span>
                            <span>RAM: 1 GB, ROM: 32 GB</span>
                            <span>Camera: 8 MP, Selfie: 1.2 MP</span>
                            <span>PIN: 1810 mAh</span>
                    ', 0, N'Apple', 0, 0, CAST(N'2017-08-24 16:56:52.013' AS DateTime), N'Tool', CAST(N'2017-08-24 16:56:52.013' AS DateTime), N'Tool', N'00000000-0000-0000-0000-000000000002', 0)
INSERT [dbo].[Products] ([ProductID], [ProductName], [Alias], [ProductCategoryID], [ThumbnailImage], [CalculationUnit], [Price], [OriginalPrice], [PromotionPrice], [IncludedVAT], [Warranty], [Description], [FullDescription], [ViewCount], [Tags], [IsDeleted], [IsBuy], [CreatedDate], [CreatedBy], [UpdatedDate], [UpdatedBy], [ManufactureID], [HotFlag]) VALUES (N'9d45bebc-2e6f-4930-b055-8cc19bbae361', N'iPhone 7 Plus 32GB', N'iPhone-7-Plus-32GB', N'5c6f70a8-12ce-4ee4-bc77-d7e45fd8f521', N'https://cdn4.tgdd.vn/Products/Images/42/78124/iphone-7-plus-13-300x300.jpg', N'Cái', CAST(21990000.00 AS Decimal(18, 2)), CAST(0.00 AS Decimal(18, 2)), CAST(0.00 AS Decimal(18, 2)), 1, 12, N'
                            <span>M&#224;n h&#236;nh: 5.5&quot;, Retina HD</span>
                            <span>HĐH: iOS 10</span>
                            <span>CPU: Apple A10 Fusion 4 nh&#226;n</span>
                            <span>RAM: 3 GB, ROM: 32 GB</span>
                            <span>Camera: Hai Camera 12 MP, Selfie: 7 MP</span>
                            <span>PIN: 2900 mAh, SIM: 1 SIM</span>
                    ', N'
                            <span>M&#224;n h&#236;nh: 5.5&quot;, Retina HD</span>
                            <span>HĐH: iOS 10</span>
                            <span>CPU: Apple A10 Fusion 4 nh&#226;n</span>
                            <span>RAM: 3 GB, ROM: 32 GB</span>
                            <span>Camera: Hai Camera 12 MP, Selfie: 7 MP</span>
                            <span>PIN: 2900 mAh, SIM: 1 SIM</span>
                    ', 0, N'Apple', 0, 0, CAST(N'2017-08-24 16:56:52.013' AS DateTime), N'Tool', CAST(N'2017-08-24 16:56:52.013' AS DateTime), N'Tool', N'00000000-0000-0000-0000-000000000002', 0)
INSERT [dbo].[Products] ([ProductID], [ProductName], [Alias], [ProductCategoryID], [ThumbnailImage], [CalculationUnit], [Price], [OriginalPrice], [PromotionPrice], [IncludedVAT], [Warranty], [Description], [FullDescription], [ViewCount], [Tags], [IsDeleted], [IsBuy], [CreatedDate], [CreatedBy], [UpdatedDate], [UpdatedBy], [ManufactureID], [HotFlag]) VALUES (N'70f4e889-9467-4a4f-abb0-ae1195390cc2', N'iPhone 6s 32GB', N'iPhone-6s-32GB', N'5c6f70a8-12ce-4ee4-bc77-d7e45fd8f521', N'data:image/png;base64,iVBORw0KGgoAAAANSUhEUgAAAAEAAAABAQMAAAAl21bKAAAAA1BMVEX6+vqsEtnpAAAACklEQVQI12NgAAAAAgAB4iG8MwAAAABJRU5ErkJggg==', N'Cái', CAST(14490000.00 AS Decimal(18, 2)), CAST(0.00 AS Decimal(18, 2)), CAST(0.00 AS Decimal(18, 2)), 1, 12, N'
                            <span>M&#224;n h&#236;nh: 4.7&quot;, Retina HD</span>
                            <span>HĐH: iOS 10</span>
                            <span>CPU: Apple A9 2 nh&#226;n</span>
                            <span>RAM: 2 GB, ROM: 32 GB</span>
                            <span>Camera: 12 MP, Selfie: 5 MP</span>
                            <span>PIN: 1715 mAh, SIM: 1 Sim</span>
                    ', N'
                            <span>M&#224;n h&#236;nh: 4.7&quot;, Retina HD</span>
                            <span>HĐH: iOS 10</span>
                            <span>CPU: Apple A9 2 nh&#226;n</span>
                            <span>RAM: 2 GB, ROM: 32 GB</span>
                            <span>Camera: 12 MP, Selfie: 5 MP</span>
                            <span>PIN: 1715 mAh, SIM: 1 Sim</span>
                    ', 0, N'Apple', 0, 0, CAST(N'2017-08-24 16:56:52.013' AS DateTime), N'Tool', CAST(N'2017-08-24 16:56:52.013' AS DateTime), N'Tool', N'00000000-0000-0000-0000-000000000002', 0)
INSERT [dbo].[Products] ([ProductID], [ProductName], [Alias], [ProductCategoryID], [ThumbnailImage], [CalculationUnit], [Price], [OriginalPrice], [PromotionPrice], [IncludedVAT], [Warranty], [Description], [FullDescription], [ViewCount], [Tags], [IsDeleted], [IsBuy], [CreatedDate], [CreatedBy], [UpdatedDate], [UpdatedBy], [ManufactureID], [HotFlag]) VALUES (N'52b4b6e8-24a8-4869-bacf-b00e49563b0d', N'iPhone 7 Plus Red 128GB', N'iPhone-7-Plus-Red-128GB', N'5c6f70a8-12ce-4ee4-bc77-d7e45fd8f521', N'https://cdn4.tgdd.vn/Products/Images/42/93709/iphone-7-plus-red-128gb-300x300.jpg', N'Cái', CAST(0.00 AS Decimal(18, 2)), CAST(0.00 AS Decimal(18, 2)), CAST(0.00 AS Decimal(18, 2)), 1, 12, N'
                            <span>M&#224;n h&#236;nh: 5.5&quot;, Retina HD</span>
                            <span>HĐH: iOS 10</span>
                            <span>CPU: Apple A10 Fusion 4 nh&#226;n</span>
                            <span>RAM: 3 GB, ROM: 128 GB</span>
                            <span>Camera: 2x12 MP, Selfie: 7 MP</span>
                            <span>PIN: 2900 mAh, SIM: 1 SIM</span>
                    ', N'
                            <span>M&#224;n h&#236;nh: 5.5&quot;, Retina HD</span>
                            <span>HĐH: iOS 10</span>
                            <span>CPU: Apple A10 Fusion 4 nh&#226;n</span>
                            <span>RAM: 3 GB, ROM: 128 GB</span>
                            <span>Camera: 2x12 MP, Selfie: 7 MP</span>
                            <span>PIN: 2900 mAh, SIM: 1 SIM</span>
                    ', 0, N'Apple', 0, 0, CAST(N'2017-08-24 16:56:52.013' AS DateTime), N'Tool', CAST(N'2017-08-24 16:56:52.013' AS DateTime), N'Tool', N'00000000-0000-0000-0000-000000000002', 0)
INSERT [dbo].[Products] ([ProductID], [ProductName], [Alias], [ProductCategoryID], [ThumbnailImage], [CalculationUnit], [Price], [OriginalPrice], [PromotionPrice], [IncludedVAT], [Warranty], [Description], [FullDescription], [ViewCount], [Tags], [IsDeleted], [IsBuy], [CreatedDate], [CreatedBy], [UpdatedDate], [UpdatedBy], [ManufactureID], [HotFlag]) VALUES (N'fea44f50-2aed-4dc8-abd9-c302b36643a8', N'iPhone 7 Plus 128GB', N'iPhone-7-Plus-128GB', N'5c6f70a8-12ce-4ee4-bc77-d7e45fd8f521', N'https://cdn4.tgdd.vn/Products/Images/42/87839/iphone-7-plus-128gb-300x300.jpg', N'Cái', CAST(23990000.00 AS Decimal(18, 2)), CAST(0.00 AS Decimal(18, 2)), CAST(0.00 AS Decimal(18, 2)), 1, 12, N'
                            <span>M&#224;n h&#236;nh: 5.5&quot;, Retina HD</span>
                            <span>HĐH: iOS 10</span>
                            <span>CPU: Apple A10 Fusion 4 nh&#226;n</span>
                            <span>RAM: 3 GB, ROM: 128 GB</span>
                            <span>Camera: 2x12 MP, Selfie: 7 MP</span>
                            <span>PIN: 2900 mAh, SIM: 1 SIM</span>
                    ', N'
                            <span>M&#224;n h&#236;nh: 5.5&quot;, Retina HD</span>
                            <span>HĐH: iOS 10</span>
                            <span>CPU: Apple A10 Fusion 4 nh&#226;n</span>
                            <span>RAM: 3 GB, ROM: 128 GB</span>
                            <span>Camera: 2x12 MP, Selfie: 7 MP</span>
                            <span>PIN: 2900 mAh, SIM: 1 SIM</span>
                    ', 0, N'Apple', 0, 0, CAST(N'2017-08-24 16:56:52.013' AS DateTime), N'Tool', CAST(N'2017-08-24 16:56:52.013' AS DateTime), N'Tool', N'00000000-0000-0000-0000-000000000002', 0)
INSERT [dbo].[Products] ([ProductID], [ProductName], [Alias], [ProductCategoryID], [ThumbnailImage], [CalculationUnit], [Price], [OriginalPrice], [PromotionPrice], [IncludedVAT], [Warranty], [Description], [FullDescription], [ViewCount], [Tags], [IsDeleted], [IsBuy], [CreatedDate], [CreatedBy], [UpdatedDate], [UpdatedBy], [ManufactureID], [HotFlag]) VALUES (N'7259ef4d-313f-4f43-b2fe-c63b467e71f2', N'iPhone 6s Plus 32GB', N'iPhone-6s-Plus-32GB', N'5c6f70a8-12ce-4ee4-bc77-d7e45fd8f521', N'data:image/png;base64,iVBORw0KGgoAAAANSUhEUgAAAAEAAAABAQMAAAAl21bKAAAAA1BMVEX6+vqsEtnpAAAACklEQVQI12NgAAAAAgAB4iG8MwAAAABJRU5ErkJggg==', N'Cái', CAST(14990000.00 AS Decimal(18, 2)), CAST(0.00 AS Decimal(18, 2)), CAST(0.00 AS Decimal(18, 2)), 1, 12, N'
                            <span>M&#224;n h&#236;nh: 5.5&quot;, Retina HD</span>
                            <span>HĐH: iOS 9</span>
                            <span>CPU: Apple A9 2 nh&#226;n</span>
                            <span>RAM: 2 GB, ROM: 32 GB</span>
                            <span>Camera: 12 MP, Selfie: 5 MP</span>
                            <span>PIN: 2750 mAh, SIM: 1 Sim</span>
                    ', N'
                            <span>M&#224;n h&#236;nh: 5.5&quot;, Retina HD</span>
                            <span>HĐH: iOS 9</span>
                            <span>CPU: Apple A9 2 nh&#226;n</span>
                            <span>RAM: 2 GB, ROM: 32 GB</span>
                            <span>Camera: 12 MP, Selfie: 5 MP</span>
                            <span>PIN: 2750 mAh, SIM: 1 Sim</span>
                    ', 0, N'Apple', 0, 0, CAST(N'2017-08-24 16:56:52.013' AS DateTime), N'Tool', CAST(N'2017-08-24 16:56:52.013' AS DateTime), N'Tool', N'00000000-0000-0000-0000-000000000002', 0)
INSERT [dbo].[Products] ([ProductID], [ProductName], [Alias], [ProductCategoryID], [ThumbnailImage], [CalculationUnit], [Price], [OriginalPrice], [PromotionPrice], [IncludedVAT], [Warranty], [Description], [FullDescription], [ViewCount], [Tags], [IsDeleted], [IsBuy], [CreatedDate], [CreatedBy], [UpdatedDate], [UpdatedBy], [ManufactureID], [HotFlag]) VALUES (N'bd698c5e-2973-4b16-a98f-c7a7e6a92d86', N'iPhone 5S 16GB', N'iPhone-5S-16GB', N'5c6f70a8-12ce-4ee4-bc77-d7e45fd8f521', N'data:image/png;base64,iVBORw0KGgoAAAANSUhEUgAAAAEAAAABAQMAAAAl21bKAAAAA1BMVEX6+vqsEtnpAAAACklEQVQI12NgAAAAAgAB4iG8MwAAAABJRU5ErkJggg==', N'Cái', CAST(5990000.00 AS Decimal(18, 2)), CAST(0.00 AS Decimal(18, 2)), CAST(0.00 AS Decimal(18, 2)), 1, 12, N'
                            <span>M&#224;n h&#236;nh: 4&quot;, Retina</span>
                            <span>HĐH: iOS 10</span>
                            <span>CPU: Apple A7 2 nh&#226;n</span>
                            <span>RAM: 1 GB, ROM: 16 GB</span>
                            <span>Camera: 8 MP, Selfie: 1.2 MP</span>
                            <span>PIN: 1560 mAh, SIM: 1 Sim</span>
                    ', N'
                            <span>M&#224;n h&#236;nh: 4&quot;, Retina</span>
                            <span>HĐH: iOS 10</span>
                            <span>CPU: Apple A7 2 nh&#226;n</span>
                            <span>RAM: 1 GB, ROM: 16 GB</span>
                            <span>Camera: 8 MP, Selfie: 1.2 MP</span>
                            <span>PIN: 1560 mAh, SIM: 1 Sim</span>
                    ', 0, N'Apple', 0, 0, CAST(N'2017-08-24 16:56:52.013' AS DateTime), N'Tool', CAST(N'2017-08-24 16:56:52.013' AS DateTime), N'Tool', N'00000000-0000-0000-0000-000000000002', 0)
INSERT [dbo].[Products] ([ProductID], [ProductName], [Alias], [ProductCategoryID], [ThumbnailImage], [CalculationUnit], [Price], [OriginalPrice], [PromotionPrice], [IncludedVAT], [Warranty], [Description], [FullDescription], [ViewCount], [Tags], [IsDeleted], [IsBuy], [CreatedDate], [CreatedBy], [UpdatedDate], [UpdatedBy], [ManufactureID], [HotFlag]) VALUES (N'417e41b5-ab19-44b1-91bf-d64bd9359e95', N'iPhone 6s 128GB', N'iPhone-6s-128GB', N'5c6f70a8-12ce-4ee4-bc77-d7e45fd8f521', N'data:image/png;base64,iVBORw0KGgoAAAANSUhEUgAAAAEAAAABAQMAAAAl21bKAAAAA1BMVEX6+vqsEtnpAAAACklEQVQI12NgAAAAAgAB4iG8MwAAAABJRU5ErkJggg==', N'Cái', CAST(16990000.00 AS Decimal(18, 2)), CAST(0.00 AS Decimal(18, 2)), CAST(0.00 AS Decimal(18, 2)), 1, 12, N'
                            <span>M&#224;n h&#236;nh: 4.7&quot;, Retina HD</span>
                            <span>HĐH: iOS 9</span>
                            <span>CPU: Apple A9 2 nh&#226;n 64-bit</span>
                            <span>RAM: 2 GB, ROM: 128 GB</span>
                            <span>Camera: 12 MP, Selfie: 5 MP</span>
                            <span>PIN: 1715 mAh</span>
                    ', N'
                            <span>M&#224;n h&#236;nh: 4.7&quot;, Retina HD</span>
                            <span>HĐH: iOS 9</span>
                            <span>CPU: Apple A9 2 nh&#226;n 64-bit</span>
                            <span>RAM: 2 GB, ROM: 128 GB</span>
                            <span>Camera: 12 MP, Selfie: 5 MP</span>
                            <span>PIN: 1715 mAh</span>
                    ', 0, N'Apple', 0, 0, CAST(N'2017-08-24 16:56:52.013' AS DateTime), N'Tool', CAST(N'2017-08-24 16:56:52.013' AS DateTime), N'Tool', N'00000000-0000-0000-0000-000000000002', 0)
INSERT [dbo].[Products] ([ProductID], [ProductName], [Alias], [ProductCategoryID], [ThumbnailImage], [CalculationUnit], [Price], [OriginalPrice], [PromotionPrice], [IncludedVAT], [Warranty], [Description], [FullDescription], [ViewCount], [Tags], [IsDeleted], [IsBuy], [CreatedDate], [CreatedBy], [UpdatedDate], [UpdatedBy], [ManufactureID], [HotFlag]) VALUES (N'728a060f-1236-457b-9be7-e91574b35ef0', N'iPhone 7 256GB', N'iPhone-7-256GB', N'5c6f70a8-12ce-4ee4-bc77-d7e45fd8f521', N'data:image/png;base64,iVBORw0KGgoAAAANSUhEUgAAAAEAAAABAQMAAAAl21bKAAAAA1BMVEX6+vqsEtnpAAAACklEQVQI12NgAAAAAgAB4iG8MwAAAABJRU5ErkJggg==', N'Cái', CAST(21990000.00 AS Decimal(18, 2)), CAST(0.00 AS Decimal(18, 2)), CAST(0.00 AS Decimal(18, 2)), 1, 12, N'
                            <span>M&#224;n h&#236;nh: 4.7&quot;, Retina HD</span>
                            <span>HĐH: iOS 10</span>
                            <span>CPU: Apple A10 Fusion 4 nh&#226;n</span>
                            <span>RAM: 2 GB, ROM: 256 GB</span>
                            <span>Camera: 12 MP, Selfie: 7 MP</span>
                            <span>PIN: 1960 mAh, SIM: 1 SIM</span>
                    ', N'
                            <span>M&#224;n h&#236;nh: 4.7&quot;, Retina HD</span>
                            <span>HĐH: iOS 10</span>
                            <span>CPU: Apple A10 Fusion 4 nh&#226;n</span>
                            <span>RAM: 2 GB, ROM: 256 GB</span>
                            <span>Camera: 12 MP, Selfie: 7 MP</span>
                            <span>PIN: 1960 mAh, SIM: 1 SIM</span>
                    ', 0, N'Apple', 0, 0, CAST(N'2017-08-24 16:56:52.013' AS DateTime), N'Tool', CAST(N'2017-08-24 16:56:52.013' AS DateTime), N'Tool', N'00000000-0000-0000-0000-000000000002', 0)
INSERT [dbo].[Products] ([ProductID], [ProductName], [Alias], [ProductCategoryID], [ThumbnailImage], [CalculationUnit], [Price], [OriginalPrice], [PromotionPrice], [IncludedVAT], [Warranty], [Description], [FullDescription], [ViewCount], [Tags], [IsDeleted], [IsBuy], [CreatedDate], [CreatedBy], [UpdatedDate], [UpdatedBy], [ManufactureID], [HotFlag]) VALUES (N'2439e0bd-1d5b-49e0-a7b2-f1ef7cd9e11a', N'iPhone 7 Red 128GB', N'iPhone-7-Red-128GB', N'5c6f70a8-12ce-4ee4-bc77-d7e45fd8f521', N'data:image/png;base64,iVBORw0KGgoAAAANSUhEUgAAAAEAAAABAQMAAAAl21bKAAAAA1BMVEX6+vqsEtnpAAAACklEQVQI12NgAAAAAgAB4iG8MwAAAABJRU5ErkJggg==', N'Cái', CAST(19990000.00 AS Decimal(18, 2)), CAST(0.00 AS Decimal(18, 2)), CAST(0.00 AS Decimal(18, 2)), 1, 12, N'
                            <span>M&#224;n h&#236;nh: 4.7&quot;, Retina HD</span>
                            <span>HĐH: iOS 10</span>
                            <span>CPU: Apple A10 Fusion 4 nh&#226;n</span>
                            <span>RAM: 2 GB, ROM: 128 GB</span>
                            <span>Camera: 12 MP, Selfie: 7 MP</span>
                            <span>PIN: 1960 mAh</span>
                    ', N'
                            <span>M&#224;n h&#236;nh: 4.7&quot;, Retina HD</span>
                            <span>HĐH: iOS 10</span>
                            <span>CPU: Apple A10 Fusion 4 nh&#226;n</span>
                            <span>RAM: 2 GB, ROM: 128 GB</span>
                            <span>Camera: 12 MP, Selfie: 7 MP</span>
                            <span>PIN: 1960 mAh</span>
                    ', 0, N'Apple', 0, 0, CAST(N'2017-08-24 16:56:52.013' AS DateTime), N'Tool', CAST(N'2017-08-24 16:56:52.013' AS DateTime), N'Tool', N'00000000-0000-0000-0000-000000000002', 0)
SET ANSI_PADDING ON

GO
/****** Object:  Index [IX_AppUser_Id]    Script Date: 08/24/17 6:15:28 PM ******/
CREATE NONCLUSTERED INDEX [IX_AppUser_Id] ON [dbo].[AppUserClaims]
(
	[AppUser_Id] ASC
)WITH (PAD_INDEX = OFF, STATISTICS_NORECOMPUTE = OFF, SORT_IN_TEMPDB = OFF, DROP_EXISTING = OFF, ONLINE = OFF, ALLOW_ROW_LOCKS = ON, ALLOW_PAGE_LOCKS = ON) ON [PRIMARY]
GO
SET ANSI_PADDING ON

GO
/****** Object:  Index [IX_AppUser_Id]    Script Date: 08/24/17 6:15:28 PM ******/
CREATE NONCLUSTERED INDEX [IX_AppUser_Id] ON [dbo].[AppUserLogins]
(
	[AppUser_Id] ASC
)WITH (PAD_INDEX = OFF, STATISTICS_NORECOMPUTE = OFF, SORT_IN_TEMPDB = OFF, DROP_EXISTING = OFF, ONLINE = OFF, ALLOW_ROW_LOCKS = ON, ALLOW_PAGE_LOCKS = ON) ON [PRIMARY]
GO
SET ANSI_PADDING ON

GO
/****** Object:  Index [IX_AppUser_Id]    Script Date: 08/24/17 6:15:28 PM ******/
CREATE NONCLUSTERED INDEX [IX_AppUser_Id] ON [dbo].[AppUserRoles]
(
	[AppUser_Id] ASC
)WITH (PAD_INDEX = OFF, STATISTICS_NORECOMPUTE = OFF, SORT_IN_TEMPDB = OFF, DROP_EXISTING = OFF, ONLINE = OFF, ALLOW_ROW_LOCKS = ON, ALLOW_PAGE_LOCKS = ON) ON [PRIMARY]
GO
SET ANSI_PADDING ON

GO
/****** Object:  Index [IX_IdentityRole_Id]    Script Date: 08/24/17 6:15:28 PM ******/
CREATE NONCLUSTERED INDEX [IX_IdentityRole_Id] ON [dbo].[AppUserRoles]
(
	[IdentityRole_Id] ASC
)WITH (PAD_INDEX = OFF, STATISTICS_NORECOMPUTE = OFF, SORT_IN_TEMPDB = OFF, DROP_EXISTING = OFF, ONLINE = OFF, ALLOW_ROW_LOCKS = ON, ALLOW_PAGE_LOCKS = ON) ON [PRIMARY]
GO
/****** Object:  Index [IX_OrderID]    Script Date: 08/24/17 6:15:28 PM ******/
CREATE NONCLUSTERED INDEX [IX_OrderID] ON [dbo].[OrderDetails]
(
	[OrderID] ASC
)WITH (PAD_INDEX = OFF, STATISTICS_NORECOMPUTE = OFF, SORT_IN_TEMPDB = OFF, DROP_EXISTING = OFF, ONLINE = OFF, ALLOW_ROW_LOCKS = ON, ALLOW_PAGE_LOCKS = ON) ON [PRIMARY]
GO
/****** Object:  Index [IX_ProductID]    Script Date: 08/24/17 6:15:28 PM ******/
CREATE NONCLUSTERED INDEX [IX_ProductID] ON [dbo].[OrderDetails]
(
	[ProductID] ASC
)WITH (PAD_INDEX = OFF, STATISTICS_NORECOMPUTE = OFF, SORT_IN_TEMPDB = OFF, DROP_EXISTING = OFF, ONLINE = OFF, ALLOW_ROW_LOCKS = ON, ALLOW_PAGE_LOCKS = ON) ON [PRIMARY]
GO
SET ANSI_PADDING ON

GO
/****** Object:  Index [IX_CustomerId]    Script Date: 08/24/17 6:15:28 PM ******/
CREATE NONCLUSTERED INDEX [IX_CustomerId] ON [dbo].[Orders]
(
	[CustomerId] ASC
)WITH (PAD_INDEX = OFF, STATISTICS_NORECOMPUTE = OFF, SORT_IN_TEMPDB = OFF, DROP_EXISTING = OFF, ONLINE = OFF, ALLOW_ROW_LOCKS = ON, ALLOW_PAGE_LOCKS = ON) ON [PRIMARY]
GO
SET ANSI_PADDING ON

GO
/****** Object:  Index [IX_OrderStatusID]    Script Date: 08/24/17 6:15:28 PM ******/
CREATE NONCLUSTERED INDEX [IX_OrderStatusID] ON [dbo].[Orders]
(
	[OrderStatusID] ASC
)WITH (PAD_INDEX = OFF, STATISTICS_NORECOMPUTE = OFF, SORT_IN_TEMPDB = OFF, DROP_EXISTING = OFF, ONLINE = OFF, ALLOW_ROW_LOCKS = ON, ALLOW_PAGE_LOCKS = ON) ON [PRIMARY]
GO
/****** Object:  Index [IX_ProductID]    Script Date: 08/24/17 6:15:28 PM ******/
CREATE NONCLUSTERED INDEX [IX_ProductID] ON [dbo].[ProductImages]
(
	[ProductID] ASC
)WITH (PAD_INDEX = OFF, STATISTICS_NORECOMPUTE = OFF, SORT_IN_TEMPDB = OFF, DROP_EXISTING = OFF, ONLINE = OFF, ALLOW_ROW_LOCKS = ON, ALLOW_PAGE_LOCKS = ON) ON [PRIMARY]
GO
/****** Object:  Index [IX_ManufactureID]    Script Date: 08/24/17 6:15:28 PM ******/
CREATE NONCLUSTERED INDEX [IX_ManufactureID] ON [dbo].[Products]
(
	[ManufactureID] ASC
)WITH (PAD_INDEX = OFF, STATISTICS_NORECOMPUTE = OFF, SORT_IN_TEMPDB = OFF, DROP_EXISTING = OFF, ONLINE = OFF, ALLOW_ROW_LOCKS = ON, ALLOW_PAGE_LOCKS = ON) ON [PRIMARY]
GO
/****** Object:  Index [IX_ProductCategoryID]    Script Date: 08/24/17 6:15:28 PM ******/
CREATE NONCLUSTERED INDEX [IX_ProductCategoryID] ON [dbo].[Products]
(
	[ProductCategoryID] ASC
)WITH (PAD_INDEX = OFF, STATISTICS_NORECOMPUTE = OFF, SORT_IN_TEMPDB = OFF, DROP_EXISTING = OFF, ONLINE = OFF, ALLOW_ROW_LOCKS = ON, ALLOW_PAGE_LOCKS = ON) ON [PRIMARY]
GO
/****** Object:  Index [IX_ProductID]    Script Date: 08/24/17 6:15:28 PM ******/
CREATE NONCLUSTERED INDEX [IX_ProductID] ON [dbo].[ProductTags]
(
	[ProductID] ASC
)WITH (PAD_INDEX = OFF, STATISTICS_NORECOMPUTE = OFF, SORT_IN_TEMPDB = OFF, DROP_EXISTING = OFF, ONLINE = OFF, ALLOW_ROW_LOCKS = ON, ALLOW_PAGE_LOCKS = ON) ON [PRIMARY]
GO
SET ANSI_PADDING ON

GO
/****** Object:  Index [IX_TagID]    Script Date: 08/24/17 6:15:28 PM ******/
CREATE NONCLUSTERED INDEX [IX_TagID] ON [dbo].[ProductTags]
(
	[TagID] ASC
)WITH (PAD_INDEX = OFF, STATISTICS_NORECOMPUTE = OFF, SORT_IN_TEMPDB = OFF, DROP_EXISTING = OFF, ONLINE = OFF, ALLOW_ROW_LOCKS = ON, ALLOW_PAGE_LOCKS = ON) ON [PRIMARY]
GO
ALTER TABLE [dbo].[AppUserClaims]  WITH CHECK ADD  CONSTRAINT [FK_dbo.AppUserClaims_dbo.AppUsers_AppUser_Id] FOREIGN KEY([AppUser_Id])
REFERENCES [dbo].[AppUsers] ([Id])
GO
ALTER TABLE [dbo].[AppUserClaims] CHECK CONSTRAINT [FK_dbo.AppUserClaims_dbo.AppUsers_AppUser_Id]
GO
ALTER TABLE [dbo].[AppUserLogins]  WITH CHECK ADD  CONSTRAINT [FK_dbo.AppUserLogins_dbo.AppUsers_AppUser_Id] FOREIGN KEY([AppUser_Id])
REFERENCES [dbo].[AppUsers] ([Id])
GO
ALTER TABLE [dbo].[AppUserLogins] CHECK CONSTRAINT [FK_dbo.AppUserLogins_dbo.AppUsers_AppUser_Id]
GO
ALTER TABLE [dbo].[AppUserRoles]  WITH CHECK ADD  CONSTRAINT [FK_dbo.AppUserRoles_dbo.AppRoles_IdentityRole_Id] FOREIGN KEY([IdentityRole_Id])
REFERENCES [dbo].[AppRoles] ([Id])
GO
ALTER TABLE [dbo].[AppUserRoles] CHECK CONSTRAINT [FK_dbo.AppUserRoles_dbo.AppRoles_IdentityRole_Id]
GO
ALTER TABLE [dbo].[AppUserRoles]  WITH CHECK ADD  CONSTRAINT [FK_dbo.AppUserRoles_dbo.AppUsers_AppUser_Id] FOREIGN KEY([AppUser_Id])
REFERENCES [dbo].[AppUsers] ([Id])
GO
ALTER TABLE [dbo].[AppUserRoles] CHECK CONSTRAINT [FK_dbo.AppUserRoles_dbo.AppUsers_AppUser_Id]
GO
ALTER TABLE [dbo].[OrderDetails]  WITH CHECK ADD  CONSTRAINT [FK_dbo.OrderDetails_dbo.Orders_OrderID] FOREIGN KEY([OrderID])
REFERENCES [dbo].[Orders] ([ID])
ON DELETE CASCADE
GO
ALTER TABLE [dbo].[OrderDetails] CHECK CONSTRAINT [FK_dbo.OrderDetails_dbo.Orders_OrderID]
GO
ALTER TABLE [dbo].[OrderDetails]  WITH CHECK ADD  CONSTRAINT [FK_dbo.OrderDetails_dbo.Products_ProductID] FOREIGN KEY([ProductID])
REFERENCES [dbo].[Products] ([ProductID])
ON DELETE CASCADE
GO
ALTER TABLE [dbo].[OrderDetails] CHECK CONSTRAINT [FK_dbo.OrderDetails_dbo.Products_ProductID]
GO
ALTER TABLE [dbo].[Orders]  WITH CHECK ADD  CONSTRAINT [FK_dbo.Orders_dbo.AppUsers_CustomerId] FOREIGN KEY([CustomerId])
REFERENCES [dbo].[AppUsers] ([Id])
GO
ALTER TABLE [dbo].[Orders] CHECK CONSTRAINT [FK_dbo.Orders_dbo.AppUsers_CustomerId]
GO
ALTER TABLE [dbo].[Orders]  WITH CHECK ADD  CONSTRAINT [FK_dbo.Orders_dbo.OrderStatus_OrderStatusID] FOREIGN KEY([OrderStatusID])
REFERENCES [dbo].[OrderStatus] ([OrderStatusID])
GO
ALTER TABLE [dbo].[Orders] CHECK CONSTRAINT [FK_dbo.Orders_dbo.OrderStatus_OrderStatusID]
GO
ALTER TABLE [dbo].[ProductImages]  WITH CHECK ADD  CONSTRAINT [FK_dbo.ProductImages_dbo.Products_ProductID] FOREIGN KEY([ProductID])
REFERENCES [dbo].[Products] ([ProductID])
ON DELETE CASCADE
GO
ALTER TABLE [dbo].[ProductImages] CHECK CONSTRAINT [FK_dbo.ProductImages_dbo.Products_ProductID]
GO
ALTER TABLE [dbo].[Products]  WITH CHECK ADD  CONSTRAINT [FK_dbo.Products_dbo.Manufactures_ManufactureID] FOREIGN KEY([ManufactureID])
REFERENCES [dbo].[Manufactures] ([ManufactureID])
ON DELETE CASCADE
GO
ALTER TABLE [dbo].[Products] CHECK CONSTRAINT [FK_dbo.Products_dbo.Manufactures_ManufactureID]
GO
ALTER TABLE [dbo].[Products]  WITH CHECK ADD  CONSTRAINT [FK_dbo.Products_dbo.ProductCategories_ProductCategoryID] FOREIGN KEY([ProductCategoryID])
REFERENCES [dbo].[ProductCategories] ([ID])
ON DELETE CASCADE
GO
ALTER TABLE [dbo].[Products] CHECK CONSTRAINT [FK_dbo.Products_dbo.ProductCategories_ProductCategoryID]
GO
ALTER TABLE [dbo].[ProductTags]  WITH CHECK ADD  CONSTRAINT [FK_dbo.ProductTags_dbo.Products_ProductID] FOREIGN KEY([ProductID])
REFERENCES [dbo].[Products] ([ProductID])
ON DELETE CASCADE
GO
ALTER TABLE [dbo].[ProductTags] CHECK CONSTRAINT [FK_dbo.ProductTags_dbo.Products_ProductID]
GO
ALTER TABLE [dbo].[ProductTags]  WITH CHECK ADD  CONSTRAINT [FK_dbo.ProductTags_dbo.Tags_TagID] FOREIGN KEY([TagID])
REFERENCES [dbo].[Tags] ([ID])
ON DELETE CASCADE
GO
ALTER TABLE [dbo].[ProductTags] CHECK CONSTRAINT [FK_dbo.ProductTags_dbo.Tags_TagID]
GO
USE [master]
GO
ALTER DATABASE [OnlineShop] SET  READ_WRITE 
GO
